-- phpMyAdmin SQL Dump
-- version 5.2.1
-- https://www.phpmyadmin.net/
--
-- Host: 127.0.0.1
-- Generation Time: Nov 10, 2025 at 04:16 AM
-- Server version: 10.4.32-MariaDB
-- PHP Version: 8.2.12

SET SQL_MODE = "NO_AUTO_VALUE_ON_ZERO";
START TRANSACTION;
SET time_zone = "+00:00";


/*!40101 SET @OLD_CHARACTER_SET_CLIENT=@@CHARACTER_SET_CLIENT */;
/*!40101 SET @OLD_CHARACTER_SET_RESULTS=@@CHARACTER_SET_RESULTS */;
/*!40101 SET @OLD_COLLATION_CONNECTION=@@COLLATION_CONNECTION */;
/*!40101 SET NAMES utf8mb4 */;

--
-- Database: `test`
--

-- --------------------------------------------------------

--
-- Table structure for table `categories`
--

CREATE TABLE `categories` (
  `id` int(11) NOT NULL,
  `department_id` int(11) NOT NULL,
  `category_name` varchar(100) NOT NULL
) ENGINE=InnoDB DEFAULT CHARSET=latin1 COLLATE=latin1_swedish_ci;

--
-- Dumping data for table `categories`
--

INSERT INTO `categories` (`id`, `department_id`, `category_name`) VALUES
(119, 2, 'BALMS'),
(120, 2, 'BEARD OIL'),
(121, 2, 'BEAUTY BALM'),
(122, 2, 'BODY & AROMATHERAPY MIST'),
(123, 2, 'BODY & NOURISHING LOTION'),
(124, 2, 'ESSENTIAL SET'),
(125, 2, 'FACE CREAM & MOISTURISERS'),
(126, 2, 'FACE TONICS, FOAMS & CLEANSERS'),
(127, 2, 'HYDRATING FACIALWATER'),
(128, 2, 'HYDRATING GEL'),
(129, 2, 'LIP BALM, SCRUB, SLEEPING'),
(130, 2, 'MASSAGE, BATH TREATMENT OIL'),
(131, 2, 'MATTIFYING SPF'),
(132, 2, 'MINI TREATS'),
(133, 2, 'NEEM & WINTERGREEN'),
(134, 2, 'POWDER'),
(135, 2, 'SCRUBS & EXFOLIATORS'),
(136, 2, 'SERUMS, MASQUE & TREATMENTS'),
(137, 2, 'SETS & COLLECTONS'),
(138, 2, 'SKIN CARE ESSENTIALS'),
(139, 2, 'WET WIPES'),
(140, 9, 'AROMA STICKS, SACHET, EO & AROMIZER'),
(141, 9, 'AROMA & NATURAL CANDLES'),
(142, 7, 'LIP BALM, SCRUB, SLEEPING'),
(143, 7, 'SETS & COLLECTONS'),
(144, 7, 'SAMPLER CARD'),
(145, 16, 'HERBAL INFUSION'),
(146, 16, 'FOOD SUPPLEMENTS'),
(147, 16, 'SPICES'),
(148, 16, 'GOURMET CEYLON TEA'),
(149, 12, 'PODS'),
(150, 12, 'TABELWARE'),
(151, 12, 'PALACE ART'),
(152, 12, 'NOTE BOOK'),
(153, 12, 'LACQUERWARE'),
(154, 12, 'TRAYS'),
(155, 12, 'LINEN THROW'),
(156, 12, 'CUSHION & COVERS'),
(157, 12, 'NOTE CARD'),
(158, 12, 'ORNAMENTS'),
(159, 12, 'TABELMATS'),
(160, 12, 'NAPKINS'),
(161, 12, 'TABLE CLOTH'),
(162, 12, 'PHOTO FRAMES'),
(163, 12, 'COASTER'),
(164, 12, 'DISPENSE BOTTLE'),
(165, 12, 'ACCESSORIES'),
(166, 12, 'PACKING ITEMS'),
(167, 12, 'TRAY'),
(168, 11, 'AROMA STICKS, SACHET, EO & AROMIZER'),
(169, 11, 'AROMA & NATURAL CANDLES'),
(170, 11, 'OIL BURNER'),
(171, 11, 'FRAGRANCE DIFFUSER'),
(172, 5, 'HAND CREAMS'),
(173, 4, 'MASSAGE, BATH TREATMENT OIL'),
(174, 4, 'SERUMS, MASQUE & TREATMENTS'),
(175, 4, 'SHOWER GEL & BODY CLEANSER'),
(176, 4, 'HAIR CONDITIONER'),
(177, 4, 'NATURAL & HYDRATING BUTTER'),
(178, 4, 'ACCESSORIES'),
(179, 4, 'BODY & AROMATHERAPY MIST'),
(180, 4, 'HAIR REMOVER'),
(181, 4, 'FACE CREAM & MOISTURISERS'),
(182, 1, 'EAU DE PERFUME'),
(183, 1, 'BODY SPRAY'),
(184, 1, 'CRÈME PERFUME'),
(185, 1, 'AROMA STICKS, SACHET, EO & AROMIZER'),
(186, 1, 'EAU DE CEYLON'),
(187, 1, 'AROMA & NATURAL CANDLES'),
(188, 1, 'WET WIPES'),
(189, 1, 'SOLID PERFUME'),
(190, 1, 'SETS & COLLECTONS'),
(191, 1, 'LIMITED EDITIONS'),
(192, 15, 'AROMA STICKS, SACHET, EO & AROMIZER'),
(193, 15, 'GARMENTS'),
(194, 15, 'PALACE ART'),
(195, 15, 'BAGS & POUCHES'),
(196, 15, 'TOTE BAG'),
(197, 15, 'CAPS'),
(198, 15, 'PACKING ITEMS'),
(199, 15, 'GIFT BAG'),
(200, 15, 'GENERAL'),
(201, 15, 'PHOTO FRAME'),
(202, 15, 'PHOTOFRAMES'),
(203, 15, 'GLASS WEAR'),
(204, 15, 'POLO WEAR'),
(205, 15, 'GIFT BOX'),
(206, 15, 'ACCESSORIES'),
(207, 15, 'HEAD BAND'),
(208, 15, 'DISPENSE BOTTLE'),
(209, 15, 'PERSONAL CARE'),
(210, 15, 'RUBBER TOYS'),
(211, 15, 'FESTIVE COLLECTION'),
(212, 15, 'GIFT ITEMS'),
(213, 15, 'SCRUNCHIE'),
(214, 15, 'GIFT PACKS'),
(215, 15, 'FESTIVE GIFTS'),
(216, 15, 'LIMITED EDITIONS'),
(217, 15, 'SETS & COLLECTONS'),
(218, 10, 'AROMA STICKS, SACHET, EO & AROMIZER'),
(219, 3, 'BODY & AROMATHERAPY MIST'),
(220, 3, 'SETS & COLLECTONS'),
(221, 3, 'SERUMS, MASQUE & TREATMENTS'),
(222, 3, 'LUXURY, WELLNESS SOAP & CLEANSING BARS'),
(223, 3, 'BODY & NOURISHING LOTION'),
(224, 3, 'SHOWER GEL & BODY CLEANSER'),
(225, 3, 'NATURAL & HYDRATING BUTTER'),
(226, 3, 'SCRUBS & EXFOLIATORS'),
(227, 3, 'MASSAGE, BATH TREATMENT OIL'),
(228, 3, 'SOOTHING ALOE GEL'),
(229, 3, 'DEODORANT'),
(230, 3, 'FOOT EXFOLIANTS & TREATMENTS'),
(231, 3, 'BALMS'),
(232, 3, 'HAND WASH'),
(233, 3, 'BATH SOAK'),
(234, 3, 'HYDRATING GEL'),
(235, 3, 'NOTE BOOK'),
(236, 3, 'HERBAL COMPRESS'),
(237, 3, 'NOTE CARD'),
(238, 3, 'HAND SANITIZER'),
(239, 3, 'POWDER'),
(240, 3, 'SPRING COLLECTION'),
(241, 3, 'FESTIVE COLLECTION'),
(242, 3, 'MOTHER DAY PROMOTION'),
(243, 3, 'MUSIC ALBUM'),
(244, 3, 'PERSONAL CARE'),
(245, 3, 'NATURAL FREEZE'),
(246, 3, 'FASHION JEWELRY'),
(247, 3, 'VALENTINES PROMOTION'),
(248, 3, 'GIFT PACKS'),
(249, 3, 'GENERAL'),
(250, 3, 'CARING GEL'),
(251, 3, 'TWO WAY SANDWICH SHINE'),
(252, 3, 'GARMENTS'),
(253, 3, 'LIMITED EDITIONS'),
(254, 3, 'SHOWER OIL'),
(255, 6, 'BALMS'),
(256, 6, 'RUBS'),
(257, 6, 'BODY & AROMATHERAPY MIST'),
(258, 6, 'INHALERS'),
(259, 6, 'SERUMS, MASQUE & TREATMENTS'),
(260, 6, 'LIMITED EDITIONS'),
(261, 8, 'BABY MOISTURISER'),
(262, 8, 'BABY WASH'),
(263, 8, 'BABY OIL'),
(264, 8, 'BABY SHAMPOO'),
(265, 8, 'BABY SOOTHING ALOE GEL'),
(266, 8, 'SETS & COLLECTONS'),
(267, 8, 'RUBBER TOYS'),
(268, 8, 'WET WIPES'),
(269, 8, 'GIFT BOX'),
(270, 8, 'BABY CARING OIL'),
(271, 14, 'AROMA STICKS, SACHET, EO & AROMIZER'),
(272, 13, 'AROMA STICKS, SACHET, EO & AROMIZER'),
(273, 13, 'AROMA & NATURAL CANDLES');

-- --------------------------------------------------------

--
-- Table structure for table `departments`
--

CREATE TABLE `departments` (
  `id` int(11) NOT NULL,
  `department_name` varchar(255) NOT NULL,
  `created_at` datetime DEFAULT current_timestamp()
) ENGINE=InnoDB DEFAULT CHARSET=latin1 COLLATE=latin1_swedish_ci;

--
-- Dumping data for table `departments`
--

INSERT INTO `departments` (`id`, `department_name`, `created_at`) VALUES
(1, 'FRAGRANCE', '2025-10-13 16:16:21'),
(2, 'SKIN CARE', '2025-10-13 16:16:21'),
(3, 'BATH & BODY & ACCESSORIES', '2025-10-13 16:16:21'),
(4, 'HAIR CARE', '2025-10-13 16:16:21'),
(5, 'HAND CARE', '2025-10-13 16:16:21'),
(6, 'BALMS, RUBS & INHALERS', '2025-10-13 16:16:21'),
(7, 'LIP CARE', '2025-10-13 16:16:21'),
(8, 'BABY CARE', '2025-10-13 16:16:21'),
(9, 'ROOM AROMIZER', '2025-10-13 16:16:21'),
(10, 'EO BLEND', '2025-10-13 16:16:21'),
(11, 'HOME AROMA', '2025-10-13 16:16:21'),
(12, 'HOMEWARE & ACCESSORIES', '2025-10-13 16:16:21'),
(13, 'AROMA SACHET', '2025-10-13 16:16:21'),
(14, 'AROMA STICKS', '2025-10-13 16:16:21'),
(15, 'FASHION & ACCESSORIES', '2025-10-13 16:16:21'),
(16, 'INFUSIONS & SUPPLIMENTS', '2025-10-13 16:16:21');

-- --------------------------------------------------------

--
-- Table structure for table `department_sales`
--

CREATE TABLE `department_sales` (
  `id` int(11) NOT NULL,
  `year` int(11) NOT NULL,
  `department_id` int(11) NOT NULL,
  `total_sales` decimal(12,2) NOT NULL DEFAULT 0.00,
  `created_at` datetime DEFAULT current_timestamp()
) ENGINE=InnoDB DEFAULT CHARSET=latin1 COLLATE=latin1_swedish_ci;

--
-- Dumping data for table `department_sales`
--

INSERT INTO `department_sales` (`id`, `year`, `department_id`, `total_sales`, `created_at`) VALUES
(1, 2023, 1, 937124036.49, '2025-10-13 16:22:53'),
(2, 2023, 2, 1347822628.68, '2025-10-13 16:22:53'),
(3, 2023, 3, 1799453427.51, '2025-10-13 16:22:53'),
(4, 2023, 4, 299528416.09, '2025-10-13 16:22:53'),
(5, 2023, 5, 248990147.43, '2025-10-13 16:22:53'),
(6, 2023, 6, 252971682.96, '2025-10-13 16:22:53'),
(7, 2023, 7, 107881311.70, '2025-10-13 16:22:53'),
(8, 2023, 8, 31117570.02, '2025-10-13 16:22:53'),
(9, 2023, 9, 116379806.45, '2025-10-13 16:22:53'),
(10, 2023, 10, 48714771.53, '2025-10-13 16:22:53'),
(11, 2023, 11, 129803463.10, '2025-10-13 16:22:53'),
(12, 2023, 12, 3039014.69, '2025-10-13 16:22:53'),
(13, 2023, 13, 65124767.00, '2025-10-13 16:22:53'),
(14, 2023, 14, 15853881.69, '2025-10-13 16:22:53'),
(15, 2023, 15, 18246724.39, '2025-10-13 16:22:53'),
(16, 2023, 16, 15101143.82, '2025-10-13 16:22:53'),
(17, 2024, 1, 1532981395.04, '2025-10-13 16:29:29'),
(18, 2024, 2, 1711771360.07, '2025-10-13 16:29:29'),
(19, 2024, 3, 2168504697.77, '2025-10-13 16:29:29'),
(20, 2024, 4, 394779877.40, '2025-10-13 16:29:29'),
(21, 2024, 5, 363141395.90, '2025-10-13 16:29:29'),
(22, 2024, 6, 286588552.61, '2025-10-13 16:29:29'),
(23, 2024, 7, 143944409.97, '2025-10-13 16:29:29'),
(24, 2024, 8, 35042045.64, '2025-10-13 16:29:29'),
(25, 2024, 9, 143893932.97, '2025-10-13 16:29:29'),
(26, 2024, 10, 45450898.85, '2025-10-13 16:29:29'),
(27, 2024, 11, 210097173.10, '2025-10-13 16:29:29'),
(28, 2024, 12, 46173431.91, '2025-10-13 16:29:29'),
(29, 2024, 13, 59317750.96, '2025-10-13 16:29:29'),
(30, 2024, 14, 23220882.33, '2025-10-13 16:29:29'),
(31, 2024, 15, 57019484.71, '2025-10-13 16:29:29'),
(32, 2024, 16, 14266302.00, '2025-10-13 16:29:29'),
(33, 2025, 1, 1215481222.79, '2025-10-13 16:34:09'),
(34, 2025, 2, 1418069398.37, '2025-10-13 16:34:09'),
(35, 2025, 3, 1755241366.73, '2025-10-13 16:34:09'),
(36, 2025, 4, 311252081.70, '2025-10-13 16:34:09'),
(37, 2025, 5, 319591032.26, '2025-10-13 16:34:09'),
(38, 2025, 6, 239386973.50, '2025-10-13 16:34:09'),
(39, 2025, 7, 121625965.00, '2025-10-13 16:34:09'),
(40, 2025, 8, 30788398.56, '2025-10-13 16:34:09'),
(41, 2025, 9, 113959771.47, '2025-10-13 16:34:09'),
(42, 2025, 10, 36729334.00, '2025-10-13 16:34:09'),
(43, 2025, 11, 186731078.50, '2025-10-13 16:34:09'),
(44, 2025, 12, 50247180.64, '2025-10-13 16:34:09'),
(45, 2025, 13, 37300650.94, '2025-10-13 16:34:09'),
(46, 2025, 14, 22712783.14, '2025-10-13 16:34:09'),
(47, 2025, 15, 76873452.90, '2025-10-13 16:34:09'),
(48, 2025, 16, 6051530.00, '2025-10-13 16:34:09');

-- --------------------------------------------------------

--
-- Table structure for table `percentage`
--

CREATE TABLE `percentage` (
  `id` int(11) NOT NULL,
  `month` int(11) NOT NULL,
  `percentage` float NOT NULL
) ENGINE=InnoDB DEFAULT CHARSET=latin1 COLLATE=latin1_swedish_ci;

--
-- Dumping data for table `percentage`
--

INSERT INTO `percentage` (`id`, `month`, `percentage`) VALUES
(1, 1, 1.05),
(2, 2, 1.03),
(3, 3, 1.04),
(4, 4, 1.08),
(5, 5, 0.98),
(6, 6, 0.97),
(7, 7, 1),
(8, 8, 1.02),
(9, 9, 0.99),
(10, 10, 1.01),
(11, 11, 1.04),
(12, 12, 1.1);

-- --------------------------------------------------------

--
-- Table structure for table `products`
--

CREATE TABLE `products` (
  `id` int(11) NOT NULL,
  `product_code` varchar(50) NOT NULL,
  `new_product_code` varchar(50) DEFAULT NULL,
  `product_name` varchar(255) NOT NULL,
  `volume` varchar(50) DEFAULT NULL,
  `category_id` int(11) NOT NULL,
  `created_at` timestamp NOT NULL DEFAULT current_timestamp()
) ENGINE=InnoDB DEFAULT CHARSET=latin1 COLLATE=latin1_swedish_ci;

--
-- Dumping data for table `products`
--

INSERT INTO `products` (`id`, `product_code`, `new_product_code`, `product_name`, `volume`, `category_id`, `created_at`) VALUES
(14, '30330', NULL, 'KANDYAN ROSE - BODY SPRAY', '200ml', 183, '2025-11-03 06:47:54'),
(15, '30327', NULL, 'MIRISSA - BODY SPRAY (200ML)', '200ml', 183, '2025-11-03 06:47:54'),
(16, '30328', NULL, 'UNAWATUNA - BODY SPRAY (200ML)', '200ml', 183, '2025-11-03 06:47:54'),
(17, '30322', NULL, 'NIGHT JASMINE - BODY SPRAY (200ML)', '200ml', 183, '2025-11-03 06:47:54'),
(18, '30324', NULL, 'LAVENDER TUBEROSE - BODY SPRAY (200ML)', '200ml', 183, '2025-11-03 06:47:54'),
(19, '30323', NULL, 'ROYAL LOTUS - BODY SPRAY (200ML)', '200ml', 183, '2025-11-03 06:47:54'),
(20, '30321', NULL, 'ISLAND ROSE - BODY SPRAY (200ML)', '200ml', 183, '2025-11-03 06:47:54'),
(21, '30335', NULL, 'BENTOTA - BODY SPRAY', '200ml', 183, '2025-11-03 06:47:54'),
(22, '30326', NULL, 'ARUGAMBAY - BODY SPRAY (200ML)', '200ml', 183, '2025-11-03 06:47:54'),
(23, '30329', NULL, 'HIKKADUWA - BODY SPRAY (200ML)', '200ml', 183, '2025-11-03 06:47:54'),
(24, '30336', NULL, 'NILAVELI - BODY SPRAY', '200ml', 183, '2025-11-03 06:47:54'),
(25, '30332', NULL, 'BLUE WATER LILY - BODY SPRAY', '200ml', 183, '2025-11-03 06:47:54'),
(26, '30331', NULL, 'FRANGIPANI PARADISE - BODY SPRAY', '200ml', 183, '2025-11-03 06:47:54'),
(27, '31627', NULL, 'Ceylon Elephant Forest Tribe-Perfumed bo', NULL, 183, '2025-11-03 06:51:07'),
(28, '31624', NULL, 'Blue-Deo active perfumed body spray for', NULL, 183, '2025-11-03 06:51:07'),
(29, '34661', NULL, 'PERFUMED BODY SPRAY COLLECTION 60ML (FL', NULL, 183, '2025-11-03 06:51:07'),
(30, '31625', NULL, 'Red- Deo active perfumed body spray for', NULL, 183, '2025-11-03 06:51:07'),
(31, '31626', NULL, 'Green-Deo active perfumed body spray for', NULL, 183, '2025-11-03 06:51:07'),
(32, '64012', NULL, 'RUBY PARADISE - PERFUMED BODY SPRAY', NULL, 183, '2025-11-03 06:51:07'),
(33, '31629', NULL, 'Ceylon Elephant Forest Escape-Perfumed b', NULL, 183, '2025-11-03 06:51:07'),
(34, '64011', NULL, 'HEAVENLY LILY - PERFUMED BODY SPRAY', NULL, 183, '2025-11-03 06:51:07'),
(35, '64013', NULL, 'LYCHEE BLOSSOM - PERFUMED BODY SPRAY', NULL, 183, '2025-11-03 06:51:07'),
(36, '34662', NULL, 'PERFUMED BODY SPRAY COLLECTION 60ML (BEA', NULL, 183, '2025-11-03 06:51:07'),
(37, '7465', '31981', 'SUN-MOISTURE CARE BODY SPRAY (MEDIUM PROTECTION)- SPF + 25 (60ML)', '60ml', 183, '2025-11-03 06:56:26'),
(38, '2X3750', NULL, 'Beach or Floral Body Spray & Mens Body S', NULL, 183, '2025-11-03 06:58:40'),
(39, '30191', NULL, 'ISLAND ROSE-AROMAVEDA BODY SPRAY', NULL, 183, '2025-11-03 06:58:40'),
(40, '30825', NULL, 'NIGHT JASMINE - PERFUMED BODY SPRAY', '60ml', 183, '2025-11-03 07:02:29'),
(41, '31510', NULL, 'KANDYAN ROSE - PERFUMED BODY SPRAY - 2ML', '2ml', 183, '2025-11-03 07:02:29'),
(42, '31515', NULL, 'BENTOTA  - PERFUMED BODY SPRAY - 2ML', '2ml', 183, '2025-11-03 07:02:29'),
(43, '31512', NULL, 'BLUE WATER LILY - PERFUMED BODY SPRAY - 2ML', '2ml', 183, '2025-11-03 07:02:29'),
(44, '31511', NULL, 'FRANGIPANI PARADISE - PERFUMED BODY SPRAY - 2ML', '2ml', 183, '2025-11-03 07:02:29'),
(45, '30821', NULL, 'KANDYAN ROSE - PERFUMED BODY SPRAY', '60ml', 183, '2025-11-03 07:02:29'),
(46, '30823', NULL, 'ROYAL LOTUS - PERFUMED BODY SPRAY', '60ml', 183, '2025-11-03 07:02:29'),
(47, '30824', NULL, 'LAVENDER TUBEROSE - PERFUMED BODY SPRAY', '60ml', 183, '2025-11-03 07:02:29'),
(48, '30822', NULL, 'BLUE WATER LILY - PERFUMED BODY SPRAY', '60ml', 183, '2025-11-03 07:02:29'),
(49, '31516', NULL, 'NILAVELI -  PERFUMED BODY SPRAY - 2ML', '2ml', 183, '2025-11-03 07:02:29'),
(50, '2X2875', NULL, 'Beach&Floral Lotion&Body Spray Duo Offer', NULL, 183, '2025-11-03 07:03:39'),
(51, '30192', NULL, 'NIGHT JASMINE AROMAVEDA BODY SPRAY', NULL, 183, '2025-11-03 07:03:39'),
(52, '31981', NULL, 'SUN-MOISTURE CARE BODY SPRAY (MEDIUM PROT)', NULL, 183, '2025-11-03 07:03:39'),
(53, '30194', NULL, 'LAVENDER TUBEROSE AROMA. B.SPRAY', NULL, 183, '2025-11-03 07:03:39'),
(54, '30196', NULL, 'MIRISSA - BEACH BODY SPRAY', NULL, 183, '2025-11-03 07:03:39'),
(55, '30195', NULL, 'ARUGAMBAY - BEACH BODY SPRAY', NULL, 183, '2025-11-03 07:03:39'),
(56, '30193', NULL, 'ROYAL LOTUS AROMAVEDA BODY SPRAY', NULL, 183, '2025-11-03 07:03:39'),
(57, '30198', NULL, 'HIKKADUWA - BEACH BODY SPRAY', NULL, 183, '2025-11-03 07:03:39'),
(58, '2092', NULL, 'SOLID PERFUME - ISLAND ROSE (10GR)', NULL, 189, '2025-11-03 07:07:43'),
(59, '2093', NULL, 'SOLID PERFUME - YLANG TUBEROSE (10GR)', '10gr', 189, '2025-11-03 07:07:43'),
(60, '2094', NULL, 'SOLID PERFUME - NIGHT JASMINE (10GR)', '10gr', 189, '2025-11-03 07:07:43'),
(61, '2091', NULL, 'SOLID PERFUME - ROYAL LOTUS (10GR)', NULL, 189, '2025-11-03 07:07:43'),
(62, '2X1350', NULL, '60ML PERFUMED BODY SPRAYS(ANY 2 FOR Rs.2', NULL, 190, '2025-11-03 07:16:57'),
(63, '33854', NULL, 'WILD PARADISE - CRÈME PERFUME COLLECTION LIMITED EDITION (10G X 3)', NULL, 191, '2025-11-03 07:18:56'),
(64, '35145', NULL, 'LEMONGRASS CITRON - EAU DE CEYLON REFRESHING WIPES', '25pp', 188, '2025-11-03 07:23:32'),
(65, '35144', NULL, 'MANDARIN SPICE - EAU DE CEYLON REFRESHING WIPES', '25pp', 188, '2025-11-03 07:23:32'),
(66, '31604', NULL, 'SPA CEYLON BLUE EAU DE PERFUME', '100ml', 182, '2025-11-03 07:32:46'),
(67, '31605', NULL, 'SPA CEYLON RED EAU DE PERFUM', '100ml', 182, '2025-11-03 07:32:46'),
(68, '31614', NULL, 'FOREST TRIBE CEYLON ELEPHANT EAU DE PERFUME', '100ml', 182, '2025-11-03 07:32:46'),
(69, '31615', NULL, 'FOREST ENERGY CEYLON ELEPHANT EAU DE PERFUME', '100ml', 182, '2025-11-03 07:32:46'),
(70, '31613', NULL, 'FOREST ESCAPE CEYLON ELEPHANT EAU DE PERFUME', '100ml', 182, '2025-11-03 07:32:46'),
(71, '31603', NULL, 'SPA CEYLON GREEN EAU DE PERFUME', '100ml', 182, '2025-11-03 07:32:46'),
(72, '31601', NULL, 'SPA CEYLON BLUE EAU DE PERFUME -', '100ml', 182, '2025-11-03 07:32:46'),
(73, '31612', NULL, 'FOREST ENERGY CEYLON ELEPHANT EAU DE PERFUME', '100ml', 182, '2025-11-03 07:32:46'),
(74, '31611', NULL, 'FOREST TRIBE CEYLON ELEPHANT EAU DE PERFUME', '100ml', 182, '2025-11-03 07:32:46'),
(75, '31602', NULL, 'SPA CEYLON RED EAU DE PERFUME', '100ml', 182, '2025-11-03 07:32:46'),
(76, '31564', NULL, 'TUBEROSE-EAU DE PERFUME ROLL ON', '10ml', 182, '2025-11-03 07:37:01'),
(77, '31563', NULL, 'ROYAL LOTUS - EAU DE PERFUME ROLL ON', '10ml', 182, '2025-11-03 07:37:01'),
(78, '31562', NULL, 'NIGHT JASMINE-EAU DE PERFUME ROLL ON', '10ml', 182, '2025-11-03 07:37:01'),
(79, '31561', NULL, 'ISLAND ROSE-EAU DE PERFUME ROLL ON', '10ml', 182, '2025-11-03 07:37:01'),
(80, '31633', NULL, 'SPA CEYLON GREEN EAU DE PERFUME - 2ML', '2ml', 182, '2025-11-03 07:40:55'),
(81, '31641', NULL, 'CEYLON ELEPHANT FOREST TRIBE EAU DE PERFUME', '2ml', 182, '2025-11-03 07:40:55'),
(82, '31642', NULL, 'CEYLON ELEPHANT FOREST ENERGY EAU DE PERFUME', '2ml', 182, '2025-11-03 07:40:55'),
(83, '31631', NULL, 'SPA CEYLON BLUE EAU DE PERFUME', '2ml', 182, '2025-11-03 07:40:55'),
(84, '31632', NULL, 'SPA CEYLON RED EAU DE PERFUME - 2ML', '2ml', 182, '2025-11-03 07:40:55'),
(85, '31643', NULL, 'CEYLON ELEPHANT FOREST ESCAPE EAU DE PERFUME', '2ml', 182, '2025-11-03 07:40:55'),
(86, '31521', NULL, 'ISLAND ROSE EAU DE PERFUME - 3ML', '3ml', 182, '2025-11-03 07:42:31'),
(87, '31524', NULL, 'TUBEROSE- EAU DE PERFUME - 3ML', '3ml', 182, '2025-11-03 07:42:31'),
(88, '31544', NULL, 'TUBEROSE - EAU DE PERFUME', '50ml', 182, '2025-11-03 07:47:50'),
(89, '31543', NULL, 'ROYAL LOTUS - EAU DE PERFUME', '50ml', 182, '2025-11-03 07:47:50'),
(90, '31542', NULL, 'NIGHT JASMINE - EAU DE PERFUME', '50ml', 182, '2025-11-03 07:47:50'),
(91, '31541', NULL, 'ISLAND ROSE - EAU DE PERFUME', '50ml', 182, '2025-11-03 07:47:50'),
(92, '31568', NULL, 'UNAWATUNA EAU DE PERFUME', '50ml', 182, '2025-11-03 07:47:50'),
(93, '31567', NULL, 'MIRISSA EAU DE PERFUME', '50ml', 182, '2025-11-03 07:47:50'),
(94, '31566', NULL, 'ARUGAMBAY EAU DE PERFUME', '50ml', 182, '2025-11-03 07:47:50'),
(95, '31569', NULL, 'HIKKADUWA EAU DE PERFUME', '50ml', 182, '2025-11-03 07:47:50'),
(96, '34196', NULL, 'NIGHT JASMINE - EAU DE PERFUME SET', NULL, 182, '2025-11-03 07:49:55'),
(97, '34195', NULL, 'TUBEROSE - EAU DE PERFUME SET', NULL, 182, '2025-11-03 07:49:55'),
(98, '34198', NULL, 'ROYAL LOTUS - EAU DE PERFUME SET', NULL, 182, '2025-11-03 07:49:55'),
(99, '34197', NULL, 'ISLAND ROSE - EAU DE PERFUME SET', NULL, 182, '2025-11-03 07:49:55'),
(100, '31580', NULL, 'KANDYAN ROSE - Eau De Perfume', NULL, 182, '2025-11-03 07:49:55'),
(101, '31645', NULL, 'EAU DE PERFUME COLOGNE - SURF ARU', NULL, 182, '2025-11-03 07:49:55'),
(102, '31581', NULL, 'MOONLIGHT BLOOMS - Eau de Perfume', NULL, 182, '2025-11-03 07:49:55'),
(103, '31646', NULL, 'EAU DE PERFUME COLOGNE - DIVE MIRISSA', NULL, 182, '2025-11-03 07:49:55'),
(104, '31647', NULL, 'EAU DE PERFUME COLOGNE - CHILL UNA', NULL, 182, '2025-11-03 07:49:55'),
(105, '31579', NULL, 'EXOTIC PETALS - EAU DE PERFUME', NULL, 182, '2025-11-03 07:49:55'),
(106, '31606', NULL, 'SPA CEYLON GREEN EAU DE PERFUME', NULL, 182, '2025-11-03 07:49:55'),
(107, '31616', NULL, 'FOREST ESCAPE CEYLON ELEPHANT EAU DE PERFUME', NULL, 182, '2025-11-03 07:49:55'),
(108, '31628', NULL, 'Ceylon Elephant Forest Energy-Perfumed b', NULL, 182, '2025-11-03 07:49:55'),
(109, '31560', NULL, 'KANDYAN ROSE - EAU DE PERFUME ROLL-ON', NULL, 182, '2025-11-03 07:49:55'),
(110, '62072', NULL, 'EAU DE PERFUME ISLAND FLORALS COLLECTION', NULL, 182, '2025-11-03 07:49:55'),
(111, '31576', NULL, 'MIRISSA EAU DE PERFUME ROLL-ON (10ML)', NULL, 182, '2025-11-03 07:49:55'),
(112, '31573', NULL, 'MOONLIGHT BLOOMS -EAU DE PERFUME ROLL-ON', NULL, 182, '2025-11-03 07:49:55'),
(113, '62073', NULL, 'EAU DE PERFUME ISLAND BEACH COLLECTION-1', NULL, 182, '2025-11-03 07:49:55'),
(114, '31577', NULL, 'UNAWATUNA - EAU DE PERFUME ROLL ON', NULL, 182, '2025-11-03 07:49:55'),
(115, '62070', NULL, 'EAU DE PERFUME ISLAND FLORALS COLLECTION', NULL, 182, '2025-11-03 07:49:55'),
(116, '31578', NULL, 'HIKKADUWA-EAU DE PERFUME ROLL ON', NULL, 182, '2025-11-03 07:49:55'),
(117, '34721', NULL, 'RED - EAU DE PERFUME SET', NULL, 182, '2025-11-03 07:49:55'),
(118, '31575', NULL, 'ARUGAMBAY EAU DE PERFUME ROLL-ON (10ML)', NULL, 182, '2025-11-03 07:49:55'),
(119, '34749', NULL, 'HIKKADUWA - BEACH EAU DE PERFUME SET', NULL, 182, '2025-11-03 07:49:55'),
(120, '62071', NULL, 'EAU DE PERFUME ISLAND BEACH COLLECTION-1', NULL, 182, '2025-11-03 07:49:55'),
(121, '62109', NULL, 'EAU DE PERFUME ROLL-ON COLLECTION (FLORAL - VERSION 01)', NULL, 182, '2025-11-03 07:49:55'),
(122, '62110', NULL, 'EAU DE PERFUME ROLL-ON COLLECTION (FLORAL - Version 02)', NULL, 182, '2025-11-03 07:49:55'),
(123, '62111', NULL, 'EAU DE PERFUME ROLL-ON COLLECTION (BEACH)', NULL, 182, '2025-11-03 07:49:55'),
(124, '34720', NULL, 'GREEN - EAU DE PERFUME SET', NULL, 182, '2025-11-03 07:49:55'),
(125, '34719', NULL, 'BLUE - EAU DE PERFUME SET', NULL, 182, '2025-11-03 07:49:55'),
(126, '31572', NULL, 'EXOTIC PETALS - EAU DE PERFUME ROLL-ON', NULL, 182, '2025-11-03 07:49:55'),
(127, '34746', NULL, 'ARUGAM BAY - BEACH EAU DE PERFUME SET', NULL, 182, '2025-11-03 07:49:55'),
(128, '34748', NULL, 'UNAWATUNA - BEACH EAU DE PERFUME SET', NULL, 182, '2025-11-03 07:49:55'),
(129, '34747', NULL, 'MIRISSA - BEACH EAU DE PERFUME SET', NULL, 182, '2025-11-03 07:49:55'),
(130, '2X2750', NULL, 'BUNDLE OFFER - EDP & EDP ROLL ONS (10ml)', NULL, 182, '2025-11-03 07:49:55'),
(131, '2X3000', NULL, 'BUNDLE OFFER - EDP & EDP ROLL ONS NEW (1', NULL, 182, '2025-11-03 07:49:55'),
(132, '31557', NULL, 'Mirissa - Eau de Perfume - 10ml', NULL, 182, '2025-11-03 07:49:55'),
(133, '31558', NULL, 'Unawatuna - Eau de Perfume - 10ml', NULL, 182, '2025-11-03 07:49:55'),
(134, '31559', NULL, 'Hikkaduwa - Eau de Perfume - 10ml', NULL, 182, '2025-11-03 07:49:55'),
(135, '31556', NULL, 'Arugam Bay - Eau de Perfume - 10ml', NULL, 182, '2025-11-03 07:49:55'),
(136, '31522', NULL, 'NIGHT JASMINE EAU DE PERFUME - 3ML', NULL, 182, '2025-11-03 07:49:55'),
(137, '31529', NULL, 'Hikkaduwa - Beach - Eau de Perfume - 3ml', NULL, 182, '2025-11-03 07:49:55'),
(138, '31527', NULL, 'Mirissa - Beach - Eau de Perfume - 3ml', NULL, 182, '2025-11-03 07:49:55'),
(139, '31528', NULL, 'Unawatuna - Beach - Eau de Perfume - 3ml', NULL, 182, '2025-11-03 07:49:55'),
(140, '31526', NULL, 'Arugam Bay - Beach - Eau de Perfume-3ml', NULL, 182, '2025-11-03 07:49:55'),
(141, '31554', NULL, 'Tuberose - Eau de Perfume - 10ml', NULL, 182, '2025-11-03 07:49:55'),
(142, '31553', NULL, 'Royal Lotus - Eau de Perfume - 10ml', NULL, 182, '2025-11-03 07:49:55'),
(143, '31551', NULL, 'Island Rose - Eau de Perfume - 10ml', NULL, 182, '2025-11-03 07:49:55'),
(144, '31552', NULL, 'Night Jasmine - Eau de Perfume - 10ml', NULL, 182, '2025-11-03 07:49:55'),
(145, '31523', NULL, 'ROYAL LOTUS EAU DE PERFUME - 3ML', NULL, 182, '2025-11-03 07:49:55'),
(146, '71013', NULL, 'RED- EAU DE PERFUME', NULL, 182, '2025-11-03 07:49:55'),
(147, '71017', NULL, 'Forest Escape - Ceylon Elephant - Eau de', NULL, 182, '2025-11-03 07:49:55'),
(148, '71014', NULL, 'Green - Mens Range - Eau de Perfume - 3m', NULL, 182, '2025-11-03 07:49:55'),
(149, '2201', NULL, 'EAU DE CEYLON - GRAPEFRUIT BLOSSOM (100ML)', '100ml', 186, '2025-11-03 08:26:43'),
(150, '2202', NULL, 'EAU DE CEYLON - KAFFIR LIME CITRON (100ML)', '100ml', 186, '2025-11-03 08:26:43'),
(151, '30405', NULL, 'SPA CEYLON AYURVEDA - BABY EAU DE CEYLON (100ML)', '100ml', 186, '2025-11-03 08:26:43'),
(152, '2964', NULL, 'EAU DE CEYLON - ROSE FRANGIPANI (100ML)', '100ml', 186, '2025-11-03 08:26:43'),
(153, '2963', NULL, 'EAU DE CEYLON - JASMINE FRANGIPANI (100ML)', '100ml', 186, '2025-11-03 08:26:43'),
(154, '2961', NULL, 'EAU DE CEYLON - WATER LILY YLANG (100ML)', '100ml', 186, '2025-11-03 08:26:43'),
(155, '2203', NULL, 'EAU DE CEYLON - MANDARIN SPICE (100ML)', '100ml', 186, '2025-11-03 08:26:43'),
(156, '2205', NULL, 'EAU DE CEYLON (ROLL ON) - GRAPEFRUIT BLOSSOM (10ML)', '10ml', 186, '2025-11-03 08:29:51'),
(157, '2208', NULL, 'EAU DE CEYLON (ROLL ON) - LEMONGRASS CITRON (10ML)', '10ml', 186, '2025-11-03 08:29:51'),
(158, '2962', NULL, 'EAU DE CEYLON - PINK LOTUS SANDALWOOD (100ML)', '10ml', 186, '2025-11-03 08:29:51'),
(159, '2207', NULL, 'EAU DE CEYLON (ROLL ON) - MANDARIN SPICE (10ML)', '10ml', 186, '2025-11-03 08:29:51'),
(160, '2204', NULL, 'EAU DE CEYLON - LEMONGRASS CITRON (100ML)', '10ml', 186, '2025-11-03 08:29:51'),
(161, '2206', NULL, 'EAU DE CEYLON (ROLL ON) - KAFFIR LIME (10ML)', '10ml', 186, '2025-11-03 08:29:51'),
(162, '30414', NULL, 'SPA CEYLON AYURVEDA - BABY EAU DE CEYLON (2ML)', '2ml', 186, '2025-11-03 08:31:17'),
(163, '31586', NULL, 'BABY EAU DE CEYLON', NULL, 186, '2025-11-03 08:34:38'),
(164, '31598', NULL, 'ROSE  FRANGIPANI - EAU DE CEYLON', NULL, 186, '2025-11-03 08:34:38'),
(165, '31597', NULL, 'JASMINE FRANGIPANI - EAU DE CEYLON', NULL, 186, '2025-11-03 08:34:38'),
(166, '31592', NULL, 'KAY LIME CIRTON - EAU DE CEYLON', NULL, 186, '2025-11-03 08:34:38'),
(167, '31593', NULL, 'MANDARIN SPICE - EAU DE CEYLON', NULL, 186, '2025-11-03 08:34:38'),
(168, '31591', NULL, 'GRAPEFRUIT BLOSSOM - EAU DE CEYLON', NULL, 186, '2025-11-03 08:34:38'),
(169, '31595', NULL, 'WATER LILY YLANG - EAU DE CEYLON', NULL, 186, '2025-11-03 08:34:38'),
(170, '31596', NULL, 'PINK LOTUS SANDALWOOD - EAU DE CEYLON', NULL, 186, '2025-11-03 08:34:38'),
(171, '31594', NULL, 'LEMONGRASS CITRON - EAU DE CEYLON', NULL, 186, '2025-11-03 08:34:38'),
(172, '71022', NULL, 'MIMOSA ROSE - EAU DE CEYLON', NULL, 186, '2025-11-03 08:34:38'),
(173, '71025', NULL, 'JASMINE FRANGIPANI - EAU DE CEYLON', NULL, 186, '2025-11-03 08:34:38'),
(174, '71021', NULL, 'SANDALWOOD CITRON - EAU DE CEYLON', NULL, 186, '2025-11-03 08:34:38'),
(175, '71020', NULL, 'VERBENA ROSE - EAU DE CEYLON', NULL, 186, '2025-11-03 08:34:38'),
(176, '71019', NULL, 'GRAPEFRUIT BLOSSOM - EAU DE CEYLON', NULL, 186, '2025-11-03 08:34:38'),
(177, '71024', NULL, 'ROSE FRANGIPANI - EAU DE CEYLON', NULL, 186, '2025-11-03 08:34:38'),
(178, '71026', NULL, 'MANDARIN SPICE - EAU DE CEYLON', NULL, 186, '2025-11-03 08:34:38'),
(179, '71023', NULL, 'POMELLO LILY - EAU DE CEYLON 10ML', NULL, 186, '2025-11-03 08:34:38'),
(180, '7423', NULL, 'MANDARIN SPICE  EAU DE CEYLON', NULL, 186, '2025-11-03 08:34:38'),
(181, '7421', NULL, 'GRAPEFRUIT BLOSSOM  EAU DE CEYLON', NULL, 186, '2025-11-03 08:34:38'),
(182, '2981', NULL, 'Water Lily Ylang Eau De Ceylon 2ml', NULL, 186, '2025-11-03 08:34:38'),
(183, '2199', NULL, 'MANDARIN SPICE - Eau De Ceylon', NULL, 186, '2025-11-03 08:34:38'),
(184, '71018', NULL, 'Forest Tribe - Ceylon Elephant - Eau de', NULL, 186, '2025-11-03 08:34:38'),
(185, '71016', NULL, 'Forest Energy - Ceylon Elephant - Eau de', NULL, 186, '2025-11-03 08:34:38'),
(186, '34267', NULL, 'BEACH AROMA COLLECTION DUO - MIRISSA', NULL, 187, '2025-11-03 09:50:08'),
(187, '34269', NULL, 'BEACH AROMA COLLECTION DUO - HIKKADUWA', NULL, 187, '2025-11-03 09:50:08'),
(188, '34268', NULL, 'BEACH AROMA COLLECTION DUO - UNAWATUNA', NULL, 187, '2025-11-03 09:50:08'),
(189, '34265', NULL, 'BEACH AROMA COLLECTION DUO - BENTOTA', NULL, 187, '2025-11-03 09:50:08'),
(190, '34266', NULL, 'BEACH AROMA COLLECTION DUO - ARUGUMBAY', NULL, 187, '2025-11-03 09:50:08'),
(191, '34264', NULL, 'BEACH AROMA COLLECTION DUO - NILAVELI', NULL, 187, '2025-11-03 09:50:08'),
(192, '34254', NULL, 'BEACH AROMA COLLECTION', NULL, 187, '2025-11-03 09:50:08'),
(193, '6640', NULL, 'HOME FRAGRANCE - FRANKINCENSE KAFFIR LIME', '20ml', 185, '2025-11-03 09:53:48'),
(194, '6664', NULL, 'CEYLON TEA & YLANG HOME FRAGRANCE OIL (20ML)', NULL, 185, '2025-11-03 09:53:48'),
(195, '6662', NULL, 'CEYLON TEA & MINT HOME FRAGRANCE OIL (20ML)', '20ml', 185, '2025-11-03 09:53:48'),
(196, '2335', NULL, 'CREME PERFUME - ROYAL LOTUS (15GR)', NULL, 184, '2025-11-03 09:57:18'),
(197, '2337', NULL, 'CREME PERFUME - YLANG TUBEROSE (15GR)', NULL, 184, '2025-11-03 09:57:18'),
(198, '2338', NULL, 'CREME PERFUME - NIGHT JASMINE (15GR)', NULL, 184, '2025-11-03 09:57:18'),
(199, '2336', NULL, 'CREME PERFUME - ISLAND ROSE (15GR)', NULL, 184, '2025-11-03 09:57:18'),
(200, '35141', NULL, 'VIRGIN COCONUT - MAKE UP REMOVER - FACIAL CLEANSING WIPES', '25pp', 139, '2025-11-03 10:02:12'),
(201, '35147', NULL, 'NEEM & TEA TREE PURIFYING FACIAL GEL WIPES', '25pp', 139, '2025-11-03 10:02:12'),
(202, '35142', NULL, 'WHITE RICE - FACIAL CLEANSING MILK WIPES', '25pp', 139, '2025-11-03 10:02:12'),
(203, '62012', NULL, 'VIRGIN COCONUT - SKIN CARE ESSENTIALS SE', NULL, 138, '2025-11-03 10:07:33'),
(204, '34154', NULL, 'NEEM & TEA TREE SKIN CARE ESSENTIALS', NULL, 138, '2025-11-03 10:07:33'),
(205, '34151', NULL, 'WHITE JASMINE SKIN CARE ESSENTIALS', NULL, 138, '2025-11-03 10:07:33'),
(206, '62010', NULL, 'WHITE JASMINE - SKIN CARE ESSENTIALS SET', NULL, 138, '2025-11-03 10:07:33'),
(207, '34153', NULL, 'VIRGIN COCONUT SKIN CARE ESSENTIALS', NULL, 138, '2025-11-03 10:07:33'),
(208, '34152', NULL, 'White Rice Skin Care Essentials', NULL, 138, '2025-11-03 10:07:33'),
(209, '34142', NULL, 'VIGIN COCONUT - SKIN CARE ESSENTIALS', NULL, 138, '2025-11-03 10:07:33'),
(210, '34143', NULL, 'NEEM & TEA TREE - SKIN CARE ESSENTIALS', NULL, 138, '2025-11-03 10:07:33'),
(211, '34140', NULL, 'WHITE JASMINE - SKIN CARE ESSENTIALS', NULL, 138, '2025-11-03 10:07:33'),
(212, '34392', NULL, 'WHITE RICE - SKIN CARE DISCOVERY SET', 'set', 137, '2025-11-03 10:13:11'),
(213, '34394', NULL, 'TRUE TURMERIC - SKIN CARE DISCOVERY SET', 'set', 137, '2025-11-03 10:13:11'),
(214, '34395', NULL, 'SAL & SAFFRON - SKIN CARE DISCOVERY SET', 'set', 137, '2025-11-03 10:13:11'),
(215, '34391', NULL, 'WHITE JASMINE - SKIN CARE DISCOVERY SET', 'set', 137, '2025-11-03 10:13:11'),
(216, '34393', NULL, 'NEEM & TEA TREE - SKIN CARE DISCOVERY SET', 'set', 137, '2025-11-03 10:13:11'),
(217, '34396', NULL, 'VIRGIN COCONUT - SKIN CARE DISCOVERY SET', 'set', 137, '2025-11-03 10:13:11'),
(218, '30669', NULL, 'SAL & SAFFRON - VITAMIN E RICH  - SKIN CARE SET', NULL, 137, '2025-11-03 10:41:08'),
(219, '30670', NULL, 'SAL & SAFFRON - VITAMIN E RICH -  GIFT TIME', NULL, 137, '2025-11-03 10:41:08'),
(220, '62019', NULL, 'LOTUS & RAMBUTAN-FACE CARE DISCOVERY SET', NULL, 137, '2025-11-03 10:41:08'),
(221, '62018', NULL, 'LOTUS & RAMBUTAN-FACE CARE ESSENTIALS SE', NULL, 137, '2025-11-03 10:41:08'),
(222, '62116', NULL, 'FRANKINCENSE FOR MEN - FACE CARE ESSENTI', NULL, 137, '2025-11-03 10:41:08'),
(223, '53047', NULL, 'NEAM & TEA TREE SAMPLER SET', NULL, 137, '2025-11-03 10:41:08'),
(224, '53053', NULL, 'FRANKINCENSE SAMPLER SET', NULL, 137, '2025-11-03 10:41:08'),
(225, '53051', NULL, 'WHITE JASMINE  SAMPLER SET', NULL, 137, '2025-11-03 10:41:08'),
(226, '53052', NULL, 'WHITE RICE SAMPLER SET', NULL, 137, '2025-11-03 10:41:08'),
(227, '53049', NULL, 'TRUE TURMERIC  SAMPLER SET', NULL, 137, '2025-11-03 10:41:08'),
(228, '53050', NULL, 'VIRGIN COCONUT SAMPLER SET', NULL, 137, '2025-11-03 10:41:08'),
(229, '53046', NULL, 'LOTUS & RAMBUTAN SAMPLER SET', NULL, 137, '2025-11-03 10:41:08'),
(230, '53048', NULL, 'SAL SAFFRON SAMPLER SET', NULL, 137, '2025-11-03 10:41:08'),
(231, '4X1000', NULL, 'SKIN CARE PRODUCTS (ANY 4 FOR Rs.4000)', NULL, 137, '2025-11-03 10:41:08'),
(232, '62076', NULL, 'LOTUS & RAMBUTAN SAMPLER TRIO - A', NULL, 137, '2025-11-03 10:41:08'),
(233, '5037', NULL, 'Water Lily Skin Recovery Set pr.18000', NULL, 137, '2025-11-03 10:41:08'),
(234, '34149', NULL, 'NEEM & WINTERGREEN - ANTI-BLEMISH SPOT TREATMENT SET', NULL, 133, '2025-11-03 10:43:10'),
(235, '7805', NULL, 'NEROLI TEA MINI TREATS', NULL, 132, '2025-11-03 10:46:26'),
(236, '7849', NULL, 'FRANKINCENSE KAFFIR LIME - MINI TREAT (SET)', NULL, 132, '2025-11-03 10:46:26'),
(237, '7806', NULL, 'ROSE GRAPEFRUIT MINI TREATS', NULL, 132, '2025-11-03 10:46:26'),
(238, '7807', NULL, 'CEYLON ELEPHANT MINI TREATS', NULL, 132, '2025-11-03 10:46:26'),
(239, '7848', NULL, 'PINK LOTUS - MINI TREAT (SET)', NULL, 132, '2025-11-03 10:46:26'),
(242, '30891', '31811', 'PRECIOUS WOOD CARING BEARD OIL', '30ml', 120, '2025-11-03 10:51:13'),
(243, '31811', NULL, 'PRECIOUS WOOD CARING BEARD OIL', NULL, 120, '2025-11-03 10:51:13'),
(244, '30304', NULL, 'SANDAL ROSE BEAUTY BALM - NO.4 - SANDAL', '50gr', 121, '2025-11-03 10:56:10'),
(245, '30298', NULL, 'SANDAL ROSE BEAUTY BALM -(NO.6 SAFFRON)', '50gr', 121, '2025-11-03 10:56:10'),
(246, '30302', NULL, 'SANDAL ROSE BEAUTY BALM - 02 - MEDIUM', '50gr', 121, '2025-11-03 10:56:10'),
(247, '30299', NULL, 'SANDAL ROSE BEAUTY BALM - 02 - MEDIUM', '50gr', 121, '2025-11-03 10:56:10'),
(248, '30303', NULL, 'SANDAL ROSE BEAUTY BALM - 03 - ROSE', '50gr', 121, '2025-11-03 10:56:10'),
(249, '30301', NULL, 'SANDAL ROSE BEAUTY BALM - 01 - LIGHT', '50gr', 121, '2025-11-03 10:56:10'),
(250, '30300', NULL, 'SANDAL ROSE BEAUTY BALM -(NO.8 DEEP SANDAL)', '50gr', 121, '2025-11-03 10:56:10'),
(251, '30297', NULL, 'SANDAL ROSE BEAUTY BALM -(NO.5 DEEP ROSE)', '50gr', 121, '2025-11-03 10:56:10'),
(252, '2076', '31851', 'FACE & BODY REFINING SCRUB - VIRGIN COCONUT (100GR)', '100gr', 123, '2025-11-03 10:59:30'),
(253, '7959', NULL, 'VIRGIN COCONUT-FACE & BODY REFINING SCRU', NULL, 123, '2025-11-03 10:59:30'),
(254, '7882', NULL, 'VIRGIN COCONUT - FACE & BODY REFINING SCRUB', '10gr', 123, '2025-11-03 10:59:30'),
(255, '62007', NULL, 'TRUE TURMERIC - VITAMIN C GLOW - FACE CA', NULL, 124, '2025-11-03 11:04:47'),
(256, '62006', NULL, 'SKIN BALANCE - FACE CARE ESSENTIALS SET', NULL, 124, '2025-11-03 11:04:47'),
(257, '34146', NULL, 'SKIN SOOTHE - FACE CARE ESSENTIALS SET', NULL, 124, '2025-11-03 11:04:47'),
(258, '34148', NULL, 'TRUE TURMERIC - FACE CARE ESSENTIALS SET', NULL, 124, '2025-11-03 11:04:47'),
(259, '34147', NULL, 'SKIN BALANCE - FACE CARE ESSENTIALS SET', NULL, 124, '2025-11-03 11:04:47'),
(260, '31929', NULL, 'SAL & SAFFRON - VITAMIN E RICH - ULTRA-NOURISHING RICH FACIAL CREAM', '100gr', 125, '2025-11-03 11:12:50'),
(261, '30851', '31928', 'SKIN SMOOTH BAKUCHIOL - RETINOL ALTERNATIVE AGE REFINING NOURISHING FACIAL CREAM - 100G', '100gr', 125, '2025-11-03 11:12:50'),
(262, '6158', '31927', 'NOURISHING PERFECTOR - WHITE RICE (100GR)', '100gr', 125, '2025-11-03 11:12:50'),
(263, '30143', '31925', 'WHITE JASMINE - ILLUMINATING FACIAL PROTECTOR (100GR)', '100gr', 125, '2025-11-03 11:12:50'),
(264, '2524', '31922', 'FACE CREAM (COMFORTING HYDRATING) - VIRGIN COCONUT (100GR)', '100gr', 125, '2025-11-03 11:12:50'),
(265, '30653', '31930', 'SAL & SAFFRON - VITAMIN E RICH - GLOW ACTIVATING  DAY FACIAL PROTECTOR', '100gr', 125, '2025-11-03 11:12:50'),
(266, '30655', '31929', 'SAL & SAFFRON - VITAMIN E RICH - ULTRA-NOURISHING RICH FACIAL CREAM', '100gr', 125, '2025-11-03 11:12:50'),
(267, '9904', NULL, 'PROTECTIVE MIST - CITRONELLA MILK (100ML)', '100ml', 125, '2025-11-03 11:21:45'),
(268, '30533', NULL, 'WHITE RICE - GAMMA ORYZANOL YOUTH PROTECT TREATMENT -GOLD FACIAL MASQUE (25ML)', '25ml', 125, '2025-11-03 11:21:45'),
(269, '7461', '31815', 'FRANKINCENSE - FACE PROTECTOR DAY SPF 25+ (30ML)', '30ml', 125, '2025-11-03 11:21:45'),
(270, '7458', '31818', 'SUN - MOISTURE CARE - ANTI AGE- FACE CREAM (VERY HIGH PROTECTION) - SPF +50 (30ML)', '30ml', 125, '2025-11-03 11:21:45'),
(271, '7459', '31819', 'SUN-MOISTURE CARE-ANTI AGE-FACE CREAM (MEDIUM PROTECTION)-SPF+25 (60ML)', '30ml', 125, '2025-11-03 11:21:45'),
(272, '7457', NULL, 'SKIN DE-STRESS - ASHWAGANDHA ADVANCED ANTI POLLUTION DAY FACE ESSENCE', '30ml', 125, '2025-11-03 11:21:45'),
(273, '31922', NULL, 'VIRGIN COCONUT-COMFORTING HYDRATING FACE', '50gr', 125, '2025-11-03 11:27:26'),
(274, '31925', NULL, 'WHITE JASMINE - ILLUMINATING FACIAL PROT', '50gr', 125, '2025-11-03 11:27:26'),
(275, '2181', NULL, 'FACE CREAM (MOISTURE CARE-ANTI AGE) - SUN (VERY HIGH PROTECTION) SPF+50 (50ML)', '50ml', 125, '2025-11-03 11:27:26'),
(276, '33907', NULL, 'SAL & SAFFRON - VITAMIN E RICH - GLOW ACTIVATING DAY FACIAL PROTECTOR SPF30+', '5gr', 125, '2025-11-03 11:27:26'),
(277, '30146', '31976', 'WHITE ROSE - ULTRA -LIGHT COMFORTING FACIAL MOISTURIZER (60ML)', '60ml', 125, '2025-11-03 11:27:26'),
(278, '30145', '31977', 'WHITE RICE - REPLENISHING FACIAL MOISTURIZER (60ML)', '60ml', 125, '2025-11-03 11:27:26'),
(279, '6160', '31858', 'OVERNIGHT NOURISH PERFECTOR - WHITE RICE (200GR)', NULL, 125, '2025-11-03 11:31:25'),
(280, '5673', '31923', 'MATTIFYING ALL DAY PROTECTOR SPF 5+ - NEEM & TEA TREE (100GR)', NULL, 125, '2025-11-03 11:31:25'),
(281, '30206', '31924', 'TRUE TURMERIC - VITAMIN C GLOW - RENEWING ALL-DAY PROTECTOR (100GR)', NULL, 125, '2025-11-03 11:31:25'),
(282, '9644', NULL, 'CITRONELLA PROTECTIVE MIST COLLECTION', NULL, 125, '2025-11-03 11:31:25'),
(283, '31353', NULL, 'LOTUS & RAMBUTAN DAY FACIAL PROTECTOR SP', NULL, 125, '2025-11-03 11:31:25'),
(284, '31874', NULL, 'SKIN-SLEEP-TAMARIND SEED-PLUMPING CREME', NULL, 125, '2025-11-03 11:31:25'),
(285, '48002', NULL, 'SKIN-SLEEP TAMARIND SEED ADVANCED LIFTIN', NULL, 125, '2025-11-03 11:31:25'),
(286, '30955', NULL, 'CITRONELLA MILK - PROTECTIVE MIST', NULL, 125, '2025-11-03 11:31:25'),
(287, '62008', NULL, 'NEEM & WINTERGREEN - ANTI-BLEMISH SPOT T', NULL, 125, '2025-11-03 11:31:25'),
(288, '30362', NULL, 'SKIN SOOTHE-TAMARIND-REVITALISING CRÈME', NULL, 125, '2025-11-03 11:31:25'),
(289, '30361', NULL, 'SKIN SLEEP-TAMARIND SEED PLUMPING CRÈME', NULL, 125, '2025-11-03 11:31:25'),
(290, '60072', NULL, 'NEEM & WINTERGREEN-ANTI-BLEMISH SPOT TRE', NULL, 125, '2025-11-03 11:31:25'),
(291, '33927', NULL, 'WHITE RICE-NOURISHING ALL-DAY PROTECTOR', NULL, 125, '2025-11-03 11:31:25'),
(292, '33933', NULL, 'WHITE RICE-OVERNIGHT HYDRATING TREATMENT', NULL, 125, '2025-11-03 11:31:25'),
(293, '33929', NULL, 'VIRGIN COCONUT-COMFORTING HYDRATING FACE CREAM 5ML', NULL, 125, '2025-11-03 11:31:25'),
(294, '60061', NULL, 'NEEM WINTERGREEN ANTI BLEMISH TR:', NULL, 125, '2025-11-03 11:31:25'),
(295, '31930', NULL, 'SAL&SAFF-VT. E RICH-GLOW ACTIVATING DAY', NULL, 125, '2025-11-03 11:31:25'),
(296, '31927', NULL, 'WHITE RICE - NOURISHING ALL-DAY PROTECTO', NULL, 125, '2025-11-03 11:31:25'),
(297, '31928', NULL, 'SKIN SMOOTH BAKUCHIOL RETINOL ALTERNATIV', NULL, 125, '2025-11-03 11:31:25'),
(298, '31857', NULL, 'WHITE RICE-OVERNIGHT HYDRATING TREATMENT', NULL, 125, '2025-11-03 11:31:25'),
(299, '31924', NULL, 'TRUE TURMERIC-VITAMIN C GLOW-RENEWING AL', NULL, 125, '2025-11-03 11:31:25'),
(300, '31858', NULL, 'WHITE RICE -OVERNIGHT NOURISHING PERFECT', NULL, 125, '2025-11-03 11:31:25'),
(301, '31852', NULL, 'VIRGIN COCONUT-NOURISHING & GLOWING FACI', NULL, 125, '2025-11-03 11:31:25'),
(302, '31815', NULL, 'FRANKINCENSE-FACE PROTECTOR DAY SPF 25+F', NULL, 125, '2025-11-03 11:31:25'),
(303, '31818', NULL, 'SUN - MOIST. CARE - ANTI AGE- FACE CREAM', NULL, 125, '2025-11-03 11:31:25'),
(304, '31819', NULL, 'SUN-MOIST.CARE-ANTI AGE-FACE CREAM SPF+2', NULL, 125, '2025-11-03 11:31:25'),
(305, '33932', NULL, 'LOTUS & RAMBUTAN-DAY & NIGHT MOISTURIZER', NULL, 125, '2025-11-03 11:31:25'),
(306, '33930', NULL, 'SAL & SAF-VIT E RICH-ULTRA-NOURISHING RI', NULL, 125, '2025-11-03 11:31:25'),
(307, '33923', NULL, 'NEAM & TEA TREE-MATTIFYING ALL-DAY PROTE', NULL, 125, '2025-11-03 11:31:25'),
(308, '33931', NULL, 'WHITE RICE-OVERNIGHT NOURISHING PERFECTO', NULL, 125, '2025-11-03 11:31:25'),
(309, '33925', NULL, 'LOTUS & RAMBUTAN-DAY FACIAL PROTECTOR SP', NULL, 125, '2025-11-03 11:31:25'),
(310, '33926', NULL, 'WHITE JASMINE-ILLUMINATING FACIAL PROTEC', NULL, 125, '2025-11-03 11:31:25'),
(311, '33924', NULL, 'TRUE TURMERIC-VIT.C GLOW-RENEWING ALL-DA', NULL, 125, '2025-11-03 11:31:25'),
(312, '31864', NULL, 'SKIN SOOTHE-TAMARIND-REVITALISING CRÈME', NULL, 125, '2025-11-03 11:31:25'),
(313, '31977', NULL, 'WHITE RICE - REPLENISHING FACIAL MOISTUR', NULL, 125, '2025-11-03 11:31:25'),
(314, '31973', NULL, 'TRUE TURMERIC-VIT. C GLOW ANTI-POLLUTION', NULL, 125, '2025-11-03 11:31:25'),
(315, '33916', NULL, 'SKIN-SOOTHE-TAMARIND-REVITALISING CREME', NULL, 125, '2025-11-03 11:31:25'),
(316, '31786', NULL, 'ALOE LEMONGRASS MAND- SUMMER WELLNESS HY', NULL, 128, '2025-11-03 11:33:48'),
(317, '31951', NULL, 'CEYLON MANGO WITH NEROLI -LIP CARE SCRUB', NULL, 129, '2025-11-03 11:48:03'),
(318, '31953', NULL, 'CEYLON GRAPEFRUIT WITH RICE - Lip Scrub', NULL, 129, '2025-11-03 11:48:03'),
(319, '7629', '31341', 'CEYLON MANGO NEROLI - LIP SLEEPING', NULL, 129, '2025-11-03 11:48:03'),
(320, '31954', NULL, 'CEYLON ORANGE WITH AVOCADO - Lip Scrub', NULL, 129, '2025-11-03 11:48:03'),
(321, '31952', NULL, 'CEYLON COFFEE WITH COCOA -LIP CARE SCRUB', NULL, 129, '2025-11-03 11:48:03'),
(322, '7636', '31343', 'CEYLON GRAPEFRUIT RICE - LIP SLEEPING', NULL, 129, '2025-11-03 11:48:03'),
(323, '7635', '31342', 'CEYLON COFFEE COCO - LIP SLEEPING', NULL, 129, '2025-11-03 11:48:03'),
(324, '7637', '31344', 'CEYLON ORANGE AVACADO - LIP SLEEPING', NULL, 129, '2025-11-03 11:48:03'),
(325, '41026', NULL, 'VIRGIN COCONUT - LIP SCRUB', NULL, 129, '2025-11-03 11:48:03'),
(326, '2529', NULL, 'LIP SCRUB - VIRGIN COCONUT (30GR)', NULL, 129, '2025-11-03 11:48:03'),
(327, '7644', NULL, 'LIP SCRUB - CEYLON MANGO NEROLI (25GR)', NULL, 129, '2025-11-03 11:48:03'),
(328, '7646', NULL, 'LIP SCRUB - CEYLON GRAPEFRUIT RICE (25GR)', NULL, 129, '2025-11-03 11:48:03'),
(329, '7647', NULL, 'LIP SCRUB - CEYLON ORANGE AVACADO (25GR)', NULL, 129, '2025-11-03 11:48:03'),
(330, '7645', NULL, 'CEYLON COFFEE COCO - LIP SCRUB', NULL, 129, '2025-11-03 11:48:03'),
(331, '31343', NULL, 'CEYLON GRAPEFRUIT WITH RICE-LIP CARE SLE', NULL, 129, '2025-11-03 11:48:03'),
(332, '31344', NULL, 'CEYLON ORANGE WITH AVOCADO-LIP CARE SLEE', NULL, 129, '2025-11-03 11:48:03'),
(333, '31341', NULL, 'CEYLON MANGO WITH NEROLI-LIP CARE SLEEPI', NULL, 129, '2025-11-03 11:48:03'),
(334, '31342', NULL, 'CEYLON COFFEE WITH COCOA-LIP CARE SLEEPI', NULL, 129, '2025-11-03 11:48:03'),
(335, '91002', NULL, 'Hibiscus, Clove, Nelum & Pomello', NULL, 129, '2025-11-03 11:48:03'),
(336, '7463', '31813', 'WHITE JASMINE - NIGHT REPAIR FACE TREATMENT OI', '30ml', 130, '2025-11-03 11:53:14'),
(337, '7462', '31812', 'VIRGIN COCONUT - NIGHT REPAIR FACE TREATMENT OIL', '30ml', 130, '2025-11-03 11:53:14'),
(338, '7893', '62003', 'NIGHT REPAIR FACE TREATMENT OIL SET - VIRGIN COCONUT', NULL, 130, '2025-11-03 11:53:14'),
(339, '2528', NULL, 'FACE TREATMENT OIL (NIGHT REPAIR) - VIRGIN COCONUT (10ML)', '10ml', 130, '2025-11-03 11:53:14'),
(340, '6169', NULL, 'FACE TREATMENT OIL - WHITE JASMINE (50ML)', '50ml', 130, '2025-11-03 11:53:14'),
(341, '31923', NULL, 'NEEM & TEA TREE-MATTIFYING ALL-DAY PROTE', NULL, 131, '2025-11-03 11:55:27'),
(342, '30201', '31794', 'TRUE TURMERIC - VITAMIN C GLOW DEEP CLEANSING FACIAL BALM (100ML)', '100ML', 119, '2025-11-04 03:50:27'),
(346, '30214', '31974', 'TRUE TURMERIC - RENEWING TREATMENT SERUM', '60ml', 136, '2025-11-04 04:19:23'),
(347, '30513', '31975', 'SKIN-BALANCE - MORINGA HERB - DISCOLOURATION TREATMENT SERUM', '60ml', 136, '2025-11-04 04:19:23'),
(348, '30658', '31979', 'SAL & SAFFRON - VITAMIN E RICH - ULTRA-HYDRATING FACIAL TREATMENT GEL', '60ml', 136, '2025-11-04 04:19:23'),
(349, '7896', '31978', 'DAY HYDRATING SERUM - WHITE JASMINE 60ML', '60ml', 136, '2025-11-04 04:19:23'),
(350, '30202', '31973', 'TRUE TURMERIC - VITAMIN C GLOW ANTI-POLLUTION GEL FACIAL MASQUE (60ML)', '60ml', 136, '2025-11-04 04:19:23'),
(351, '2257', NULL, 'WHITE RICE BIO CELLULOSE EYE ZONE', '40ml', 136, '2025-11-04 04:37:08'),
(352, '7895', '31843', 'SOOTHING EYE SERUM - WHITE SANDAL 30ML', '30ml', 136, '2025-11-04 04:37:08'),
(353, '30510', '31810', 'SKIN BALANCE MORINGA HERB - DISCOLOURATION TREATMENT SERUM (30ML)', '30ml', 136, '2025-11-04 04:37:08'),
(354, '30852', '31802', 'SKIN SMOOTH BAKUCHIOL - RETINOL ALTERNATIVE AGE REFINING DAY & NIGHT FACIAL SERUM - 30ML', '30ml', 136, '2025-11-04 04:37:08'),
(355, '7455', '31805', 'SKIN BALANCE - MORINGA HERB DISCOLOURATION TREATMENT SERUM', '30ml', 136, '2025-11-04 04:37:08'),
(356, '30659', '31809', 'SAL & SAFFRON-VITAMIN E RICH-INTENSE HYDRATING NIGHT TREATMENT FACIAL SERUM', '30ml', 136, '2025-11-04 04:37:08'),
(357, '2255', NULL, 'FACIAL TREATMENT MASQUE - SKIN ENERGISE (BIO CELLULOSE) (30ML X 2)', '30ml', 136, '2025-11-04 04:37:08'),
(358, '2252', NULL, 'FACIAL TREATMENT MASQUE - SKIN SLEEP (BIO CELLULOSE) (30ML X 2)', '30ml', 136, '2025-11-04 04:37:08'),
(359, '2256', NULL, 'FACIAL TREATMENT MASQUE - SKIN BALANCE (BIO CELLULOSE) (30ML X 2)', '30ml', 136, '2025-11-04 04:37:08'),
(360, '2254', NULL, 'FACIAL TREATMENT MASQUE - SKIN DE STRESS (BIO CELLULOSE) (30ML X 2)', '30ml', 136, '2025-11-04 04:37:08'),
(361, '7456', '31806', 'SKIN SLEEP - TAMARIND SEED ADVANCED LIFTING & REVITALIZING NIGHT FACE SERUM', '300ml', 136, '2025-11-04 04:37:08'),
(362, '30534', NULL, 'TRUE TURMERIC - VITAMIN C GLOW -BRIGHTENING TREATMENT -GOLD FACIAL MASQUE (25ML)', '25ml', 136, '2025-11-04 05:03:49'),
(363, '30536', NULL, 'TAMARIND SEED - NATURAL HYALURONIC - AGE-DEFENSE TREATMENT -SHEET FACIAL MASQUE (25ML)', '25ml', 136, '2025-11-04 05:03:49'),
(364, '30537', NULL, 'SAL & SAFFRON - VITAMIN E RICH DRY SKIN TREATMENT -GOLD FACIAL MASQUE (25ML)', '25ml', 136, '2025-11-04 05:03:49'),
(365, '30535', NULL, 'MORINGA HERB - NIACINAMIDE PLUS -SOOTHING & BALANCING -SHEET FACIAL MASQUE (25ML)', '25ml', 136, '2025-11-04 05:03:49'),
(366, '30532', NULL, 'WHITE TUBEROSE - WONDERHERBS - RADIANCE BOOSTER -SHEET FACIAL MASQUE (25ML)', '25ml', 136, '2025-11-04 05:03:49'),
(367, '30538', NULL, 'ALOE & ARNICA - AFTER-SUN RESCUE - SOOTHING TREATMENT -SHEET FACIAL MASQUE (25ML)', '25ml', 136, '2025-11-04 05:03:49'),
(368, '30531', NULL, 'WHITE JASMINE - WONDERHERBS - RADIANCE BOOSTER -SHEET FACIAL MASQUE (25ML)', '25ml', 136, '2025-11-04 05:03:49'),
(369, '30539', NULL, 'BAMBOO CHARCOAL - DEEP PURIFYING OIL CONTROL TREATMENT -CARBON FACIAL MASQUE (25ML)', '25ml', 136, '2025-11-04 05:03:49'),
(370, '30511', '31841', 'WHITE RICE - INTENSIVE UNDER EYE TREATMENT CONCENTRATE (20ML)', '20ml', 136, '2025-11-04 05:03:49'),
(371, '30660', '31844', 'SAL & SAFFRON - VITAMIN E RICH - EYE ZONE - DAY & NIGHT TREATMENT CONCENTRATE', '20ml', 136, '2025-11-04 05:03:49'),
(372, '30512', '31842', 'NEEM & WINTERGREEN - ANTI-BLEMISH SPOT TREATMENT (20ML)', '20ml', 136, '2025-11-04 05:03:49'),
(373, '2258', NULL, 'WHITE SANDAL BIO CELLULOSE UNDER EYE', '20ml', 129, '2025-11-04 05:03:49'),
(374, '2071', NULL, 'FACE & BODY SOOTHING SERUM - VIRGIN COCONUT (150ML)', '150ml', 136, '2025-11-04 05:06:22'),
(375, '30652', '31789', 'SAL & SAFFRON - VITAMIN E RICH  - 2-IN-1 DEEP CLEANSER + FACIAL TREATMENT MASQUE', '100ml', 136, '2025-11-04 05:06:22'),
(376, '30147', NULL, 'ALMOND - EYE BROW NOURISHING OIL (10ML)', '100ml', 136, '2025-11-04 05:06:22'),
(377, '6162', NULL, 'FACIAL MASQUE - WHITE JASMINE (100GR)', '100gr', 136, '2025-11-04 05:16:30'),
(378, '6182', NULL, 'White Tuberose Facial Masque 100gr', '100gr', 136, '2025-11-04 05:16:30'),
(379, '7727', NULL, 'NOURISHING FACIAL MASQUE - VIRGIN COCONUT (15GR)', '15gr', 136, '2025-11-04 05:16:30'),
(380, '7728', NULL, 'HERB MASQUE - SKIN-BALANCE MORINGA (15GR)', '15gr', 136, '2025-11-04 05:16:30'),
(381, '7724', NULL, 'FACIAL MASQUE - WHITE JASMINE (15GR)', '15gr', 136, '2025-11-04 05:16:30'),
(382, '7897', '31855', 'WHITE JASMINE - FACIAL MASQUE (200G)', '200gr', 136, '2025-11-04 05:16:30'),
(383, '2525', '31852', 'FACIAL MASQUE (NOURISHING & GLOWING) - VIRGIN COCONUT (200GR)', '200gr', 136, '2025-11-04 05:16:30'),
(384, '7898', NULL, 'WHITE TUBEROSE - FACIAL MASQUE (200G)', '200gr', 136, '2025-11-04 05:16:30'),
(385, '7725', NULL, 'FACIAL MASQUE - WHITE TUBEROSE (20GR)', '20gr', 136, '2025-11-04 05:16:30'),
(386, '7812', NULL, 'SANDALWOOD - HYDRATING FACIAL WATER', '100ml', 127, '2025-11-04 05:18:23'),
(387, '31354', NULL, 'LOTUS & RAMBUTAN GENTLE FACE EXFOL.MASQU', NULL, 135, '2025-11-04 05:34:01'),
(388, '34737', NULL, 'NEEM & TEA TREE- REFINING EXFOLIATOR', NULL, 135, '2025-11-04 05:34:01'),
(389, '30208', NULL, 'TRUE TURMERIC-VIT C GLOW-EXFOLIATING CLA', NULL, 135, '2025-11-04 05:34:01'),
(390, '7958', NULL, 'NEEM & TEA TREE-REFINING NATURAL EXFOLIA', NULL, 135, '2025-11-04 05:34:01'),
(391, '7965', NULL, 'WHITE RICE - REJUVENATING FACIAL EXFOLIA', NULL, 135, '2025-11-04 05:34:01'),
(392, '33904', NULL, 'WHITE RICE - REJUVENATING FACIAL EXFOLIATOR - 5G', NULL, 135, '2025-11-04 05:34:01'),
(393, '31865', NULL, 'WHITE RICE-REJUVENATING FACIAL EXFOLIATO', NULL, 135, '2025-11-04 05:34:01'),
(394, '31861', NULL, 'NEEM & TEA TREE-REFINING NATURAL EXFOLIA', NULL, 135, '2025-11-04 05:34:01'),
(395, '31854', NULL, 'True Turmeric - Vitamin C Glow - Exfoliating Clay Facial Masque 100g', NULL, 135, '2025-11-04 05:34:01'),
(396, '31855', NULL, 'WHITE JASMINE - FACIAL SCRUB', NULL, 135, '2025-11-04 05:34:01'),
(397, '31976', NULL, 'WHITE ROSE-ULTRA-LIGHT COMFORTING FACIAL', NULL, 135, '2025-11-04 05:34:01'),
(398, '31859', NULL, 'SAL&SAFFRON-VIT.E RICH-DELICATE CREME FA', NULL, 135, '2025-11-04 05:34:01'),
(399, '33920', NULL, 'LOTUS & RAMBUTAN-GENTLE FACE EXFOLIATING', NULL, 135, '2025-11-04 05:34:01'),
(400, '33913', NULL, 'NEAM & TEA TREE REFINING NATURAL EXFOLIA', NULL, 135, '2025-11-04 05:34:01'),
(401, '33918', NULL, 'TRUE TURMERIC-VIT C GLOW-EXFOLIATING CLA', NULL, 135, '2025-11-04 05:34:01'),
(402, '31862', NULL, 'SKIN BALANCE-MORINGA & NEEM-FACIAL EXFOL', NULL, 135, '2025-11-04 05:34:01'),
(403, '31863', NULL, 'SKIN ENERGISE-CITRUS&RED SANDAL FACIAL E', NULL, 135, '2025-11-04 05:34:01'),
(404, '33914', NULL, 'WHITE JASMINE FACIAL SCRUB', NULL, 135, '2025-11-04 05:34:01'),
(405, '33915', NULL, 'SKIN BALANCE MORINGA & NEEM CLARIFYING C', NULL, 135, '2025-11-04 05:34:01'),
(406, '5672', '31861', 'REFINING NATURAL EXFOLIATOR - NEEM & TEA TREE (200GR)', NULL, 135, '2025-11-04 05:35:27'),
(407, '7879', '31861', 'WHITE JASMINE -  FACIAL SCRUB', '10gr', 135, '2025-11-04 05:53:11'),
(408, '7887', NULL, 'SKIN BALANCE - MORINGA & NEEM  CLARIFYING FACIAL SCRUB', '10gr', 135, '2025-11-04 05:53:11'),
(409, '7880', NULL, 'WHITE TUBEROSE - FACIAL SCRUB', '10gr', 135, '2025-11-04 05:53:11'),
(410, '7883', NULL, 'WHITE RICE  - REJUVENATING FACIAL EXFOLIATOR', '10gr', 135, '2025-11-04 05:53:11'),
(411, '7888', NULL, 'SKIN SOOTHE - TAMARIND - REVITALISING FACIAL SCRUB', '10gr', 135, '2025-11-04 05:53:11'),
(412, '7865', '31865', 'WHITE RICE-REJUVENATING FACIAL EXFOLIATOR', '100gr', 135, '2025-11-04 05:53:11'),
(413, '7866', '31859', 'SKIN BALANCE - MORINGA & NEEM - CLARIFYING CLAY FACIAL EXFOLIATOR 100GR', '100gr', 135, '2025-11-04 05:53:11'),
(414, '30656', '31859', 'SAL & SAFFRON - VITAMIN E RICH - DELICATE CREME FACIAL EXFOLIATOR', '100gr', 135, '2025-11-04 05:53:11'),
(415, '7868', '31864', 'SKIN SOOTHE - TAMARIND - REVITALISING CRÈME FACIAL EXFOLIATOR 100GR', '100gr', 135, '2025-11-04 05:53:11'),
(423, '6163', '31856', 'FACIAL SCRUB - WHITE JASMINE (100GR)', '90gr', 135, '2025-11-04 05:59:25'),
(424, '6183', NULL, 'FACIAL SCRUB - WHITE TUBEROSE (100GR)', '90gr', 135, '2025-11-04 05:59:25'),
(425, '33908', NULL, 'SAL & SAFFRON - VITAMIN E RICH - DELICATE CREME FACIAL EXFOLIATOR - 5G', '5gr', 135, '2025-11-04 05:59:25'),
(426, '30203', '31854', 'TRUE TURMERIC - VITAMIN C GLOW - EXFOLIATING CLAY FACIAL MASQUE (200GR)', '200gr', 135, '2025-11-04 05:59:25'),
(427, '7884', NULL, 'SKIN ENERGISE - CITRUS & RED SANDAL - RADIANCE FACIAL EXFOLIATOR', '15gr', 135, '2025-11-04 05:59:25'),
(428, '7867', '31863', 'SKIN ENERGISE - CITRUS & RED SANDAL FACIAL EXFOLIATOR 120GR', '120gr', 135, '2025-11-04 05:59:25'),
(429, '7757', NULL, 'Mineral Face Powder Com Leaf Green', NULL, 134, '2025-11-04 06:01:14'),
(430, '7453', '31798', 'WHITE MINT  - FACIAL SKIN TONIC', '100ml', 126, '2025-11-04 06:23:13'),
(431, '30142', '31797', 'WHITE RICE  - AGE CONTROL FACIAL CLEANSING MILK (100ML)', '100ml', 126, '2025-11-04 06:23:13'),
(432, '2521', NULL, 'FACIAL CLEANSING OIL - VIRGIN COCONUT (100ML)', '100ml', 126, '2025-11-04 06:23:13'),
(433, '82000', NULL, 'WHITE JASMINE - FACIAL SKIN TONIC-100ML', '100ml', 126, '2025-11-04 06:23:13'),
(434, '30141', NULL, 'VIRGIN COCONUT EXTRA GENTLE MICELLAR WATER FACIAL CLEANSER (100ML)', '100ml', 126, '2025-11-04 06:23:13'),
(435, '7451', '31788', 'WHITE ROSE - FACIAL CLEANSING CREAM', '100ml', 126, '2025-11-04 06:23:13'),
(436, '7454', '31793', 'WHITE JASMINE - FACIAL SKIN TONIC', '100ml', 126, '2025-11-04 06:23:13'),
(437, '7452', '31781', 'VIRGIN COCONUT  - GENTLE CLEANSING MILK', '100ml', 126, '2025-11-04 06:23:13'),
(438, '6142', NULL, 'FACIAL SKIN TONIC - WHITE JASMINE (100ML)', '100ml', 126, '2025-11-04 06:23:13'),
(439, '7954', '84003', 'WHITE MINT - FACIAL CLEANSING FOAM', '150ml', 126, '2025-11-04 06:23:13'),
(440, '7977', NULL, 'FRANKINCENSE  - FACE WASH FOR MEN', '150ml', 126, '2025-11-04 06:23:13'),
(441, '30200', NULL, 'TRUE TURMERIC - VITAMIN C GLOW - FACIAL CLEANSING FOAM (150ML)', '150ml', 126, '2025-11-04 06:23:13'),
(442, '7951', NULL, 'WHITE JASMINE - FACIAL CLEANSING FOAM', '150ml', 126, '2025-11-04 06:23:13'),
(443, '7952', NULL, 'WHITE ROSE - FACIAL CLEANSING GEL', '150ml', 126, '2025-11-04 06:23:13'),
(444, '30651', NULL, 'SAL & SAFFRON - VITAMIN E RICH - FACIAL CLEANSING FOAM', '150ml', 126, '2025-11-04 06:23:13'),
(445, '7955', NULL, 'VIRGIN COCONUT  - CREAM FACIAL WASH', '150ml', 126, '2025-11-04 06:23:13'),
(446, '84000', NULL, 'WHITE JASMINE-FACIAL CLEANSING FOAM-150ML', '150ml', 126, '2025-11-04 06:23:13'),
(447, '84003', NULL, 'WHITE MINT - FACIAL CLEANSING FOAM 150ML', '150ml', 126, '2025-11-04 06:23:13'),
(448, '6165', NULL, 'FACIAL SKIN TONIC - WHITE JASMINE (150ML)', '150ml', 126, '2025-11-04 06:23:13'),
(449, '33906', NULL, 'SAL & SAFFRON - VITAMIN E RICH - FACIAL CLEANSING FOAM - 5ML', '5ml', 126, '2025-11-04 06:23:13'),
(450, '33905', NULL, 'WHITE JASMINE - FACIAL CLEANSING FOAM - 5ML', '5ml', 126, '2025-11-04 06:23:13'),
(451, '31355', NULL, 'LOTUS & RAMBUTAN FACIAL CLEANSING FOAM', NULL, 126, '2025-11-04 06:25:27'),
(452, '31161', NULL, 'WHITE RICE - AGE CONTROL FACIAL CLEANSIN', NULL, 126, '2025-11-04 06:25:27'),
(453, '7964', NULL, 'VIRGIN COCONUT - CREAM FACIAL WASH', NULL, 126, '2025-11-04 06:25:27'),
(454, '7962', NULL, 'WHITE ROSE - FACIAL CLEANSING CREAM', NULL, 126, '2025-11-04 06:25:27'),
(455, '34206', NULL, 'SAL SAFFRON - VITAMIN E RICH FACIAL CLEA', NULL, 126, '2025-11-04 06:25:27'),
(456, '7963', NULL, 'WHITE JASMINE - FACIAL CLEANSING FOAM', NULL, 126, '2025-11-04 06:25:27'),
(457, '7960', NULL, 'WHITE MINT - FACIAL CLEANSING FOAM', NULL, 126, '2025-11-04 06:25:27'),
(458, '30210', NULL, 'TRUE TURMERIC-VITAMIN C GLOW-FACIAL CLEA', NULL, 126, '2025-11-04 06:25:27'),
(459, '30662', NULL, 'SAL SAF-VIT E RICH 2-IN-1 DEEP CLEANSER+', NULL, 126, '2025-11-04 06:25:27'),
(460, '30291', NULL, 'White Jasmine - Facial Cleansing Foam', NULL, 126, '2025-11-04 06:25:27'),
(461, '31781', NULL, 'VIRGIN COCONUT - GENTLE CLEANSING MILK', NULL, 126, '2025-11-04 06:25:27'),
(462, '31798', NULL, 'WHITE MINT - FACIAL SKIN TONIC', NULL, 126, '2025-11-04 06:25:27'),
(463, '31793', NULL, 'WHITE JASMINE - FACIAL SKIN TONIC', NULL, 126, '2025-11-04 06:25:27'),
(464, '33919', NULL, 'SAL & SAF-VIT E RICH-2-IN-1DEEP CLEANSER', NULL, 126, '2025-11-04 06:25:27'),
(465, '31794', NULL, 'TRUE TURMERIC-VITAMIN C GLOW DEEP CLEANS', NULL, 126, '2025-11-04 06:25:27'),
(466, '33911', NULL, 'LOTUS & RAMBUTAN FACIAL CLEANSING FOAM', NULL, 126, '2025-11-04 06:25:27'),
(467, '33910', NULL, 'TRUE TURMERIC-VITAMIN C GLOW FACIAL CLEA', NULL, 126, '2025-11-04 06:25:27'),
(468, '33912', NULL, 'VIRGIN COCONUT-CREAM FACIAL WASH', NULL, 126, '2025-11-04 06:25:27'),
(469, '33909', NULL, 'WHITE MINT-FACIAL CLEANSING FOAM', NULL, 126, '2025-11-04 06:25:27'),
(470, '30944', NULL, 'WHITE MINT  - FACIAL SKIN TONIC', '100ml', 122, '2025-11-04 06:32:59'),
(471, '7813', '31792', 'WHITE RICE  - AGE CONTROL FACIAL CLEANSING MILK (100ML)', '100ml', 122, '2025-11-04 06:32:59'),
(472, '7810', '31790', 'FACIAL CLEANSING OIL - VIRGIN COCONUT (100ML)', '100ml', 122, '2025-11-04 06:32:59'),
(473, '30136', NULL, 'WHITE JASMINE - FACIAL SKIN TONIC-100ML', '100ml', 122, '2025-11-04 06:32:59'),
(474, '30135', NULL, 'VIRGIN COCONUT EXTRA GENTLE MICELLAR WATER FACIAL CLEANSER (100ML)', '100ml', 122, '2025-11-04 06:32:59'),
(475, '9225', NULL, 'WHITE ROSE - FACIAL CLEANSING CREAM', NULL, 122, '2025-11-04 06:32:59'),
(476, '9153', NULL, 'WHITE JASMINE - FACIAL SKIN TONIC', NULL, 122, '2025-11-04 06:32:59'),
(477, '30943', NULL, 'VIRGIN COCONUT  - GENTLE CLEANSING MILK', NULL, 122, '2025-11-04 06:32:59'),
(478, '31791', NULL, 'FACIAL SKIN TONIC - WHITE JASMINE (100ML)', NULL, 122, '2025-11-04 06:32:59'),
(479, '31790', NULL, 'WHITE MINT - FACIAL CLEANSING FOAM', NULL, 122, '2025-11-04 06:32:59'),
(480, '31792', NULL, 'FRANKINCENSE  - FACE WASH FOR MEN', NULL, 122, '2025-11-04 06:32:59');

-- --------------------------------------------------------

--
-- Table structure for table `ranges`
--

CREATE TABLE `ranges` (
  `id` int(11) NOT NULL,
  `category_id` int(11) NOT NULL,
  `range_name` varchar(100) NOT NULL
) ENGINE=InnoDB DEFAULT CHARSET=latin1 COLLATE=latin1_swedish_ci;

--
-- Dumping data for table `ranges`
--

INSERT INTO `ranges` (`id`, `category_id`, `range_name`) VALUES
(225, 11, 'Liquid Foundations'),
(226, 11, 'Powder Foundations'),
(227, 12, 'Full-Coverage Concealers'),
(228, 12, 'Brightening Concealers'),
(229, 13, 'Matte Lipsticks'),
(230, 13, 'Glossy Lipsticks'),
(231, 14, 'Neutral Eyeshadows'),
(232, 14, 'Shimmer Eyeshadows'),
(233, 15, 'Volumizing Mascaras'),
(234, 15, 'Lengthening Mascaras'),
(235, 16, 'Eau de Parfum'),
(236, 16, 'Eau de Toilette'),
(237, 17, 'Floral Body Mists'),
(238, 17, 'Fruity Body Mists'),
(239, 18, 'Roll-on Perfumes'),
(240, 19, 'Men’s Colognes'),
(241, 19, 'Unisex Colognes'),
(242, 20, 'Fragrance Gift Sets'),
(243, 21, 'Moisturizing Body Wash'),
(244, 21, 'Exfoliating Body Wash'),
(245, 22, 'Body Butters'),
(246, 22, 'Light Lotions'),
(247, 23, 'Sugar Scrubs'),
(248, 23, 'Salt Scrubs'),
(249, 24, 'Aromatherapy Bath Salts'),
(250, 25, 'Shea Butter Hand Creams'),
(251, 26, 'Sensitive Shaving Creams'),
(252, 27, 'After-Shave Balms'),
(253, 28, 'Beard Conditioners'),
(254, 28, 'Beard Growth Oils'),
(255, 29, 'Strong-Hold Hair Gels'),
(256, 30, 'Charcoal Face Wash'),
(257, 31, 'Matte Nail Polishes'),
(258, 31, 'Gel Nail Polishes'),
(259, 32, 'Acetone Removers'),
(260, 33, 'Cuticle Repair Oils'),
(261, 34, 'Nail Clippers'),
(262, 34, 'Nail Buffers'),
(263, 35, 'Nail Strengtheners'),
(264, 36, 'Foundation Brushes'),
(265, 37, 'Beauty Blenders'),
(266, 38, 'Ionic Hair Dryers'),
(267, 39, 'Heated Eyelash Curlers'),
(268, 40, 'Electric Trimmers'),
(269, 41, 'Whitening Toothpastes'),
(270, 41, 'Herbal Toothpastes'),
(271, 42, 'Alcohol-Free Mouthwashes'),
(272, 43, 'LED Whitening Kits'),
(273, 44, 'Soft Toothbrushes'),
(274, 45, 'Dental Floss Picks'),
(275, 46, 'SPF 30 Sunscreens'),
(276, 46, 'SPF 50 Sunscreens'),
(277, 47, 'After-Sun Aloe Gels'),
(278, 48, 'Tanning Oils'),
(279, 49, 'SPF Lip Balms'),
(280, 50, 'Sun Protection Travel Kits'),
(281, 51, 'Lavender Essential Oils'),
(282, 51, 'Peppermint Oils'),
(283, 52, 'Ceramic Diffusers'),
(284, 53, 'Scented Candles'),
(285, 54, 'Relaxing Massage Oils'),
(286, 55, 'Aromatic Room Sprays'),
(287, 56, 'Slimming Gels'),
(288, 57, 'Firming Creams'),
(289, 58, 'Anti-Cellulite Creams'),
(290, 59, 'Detox Body Masks'),
(291, 60, 'Clay Body Wraps'),
(292, 61, 'Hydrating Eye Creams'),
(293, 62, 'Anti-Aging Eye Serums'),
(294, 63, 'Collagen Under-Eye Masks'),
(295, 64, 'Cooling Eye Rollers'),
(296, 65, 'Dark Circle Correctors'),
(297, 66, 'Tinted Lip Balms'),
(298, 67, 'Sugar Lip Scrubs'),
(299, 68, 'Hydrating Lip Masks'),
(300, 69, 'Plumping Lip Serums'),
(301, 70, 'Nourishing Lip Oils'),
(302, 71, 'Gentle Baby Lotions'),
(303, 72, 'Soothing Baby Oils'),
(304, 73, 'Tear-Free Baby Shampoos'),
(305, 74, 'Mild Baby Wash'),
(306, 75, 'Zinc Diaper Creams'),
(307, 76, 'Multivitamin Supplements'),
(308, 77, 'Vitamin C Tablets'),
(309, 78, 'Collagen Powders'),
(310, 79, 'Detox Tea Blends'),
(311, 80, 'Melatonin Gummies'),
(312, 81, 'Caffeine Capsules'),
(313, 82, 'Immunity Boost Tonics'),
(314, 83, 'Fat-Burner Capsules'),
(315, 84, 'Herbal Extracts'),
(316, 85, 'Probiotic Capsules'),
(317, 86, 'Plant-Based Proteins'),
(318, 87, 'Omega 3 Supplements'),
(319, 88, 'Antioxidant Complex'),
(320, 89, 'Energy Gummies'),
(321, 90, 'Sleep Drops'),
(322, 91, 'Digestive Enzymes'),
(323, 92, 'Iron & Folic Acid'),
(324, 93, 'Hair & Nail Vitamins'),
(325, 94, 'Immunity Shot Drinks'),
(326, 95, 'Collagen Gummies');

-- --------------------------------------------------------

--
-- Table structure for table `sales_data`
--

CREATE TABLE `sales_data` (
  `id` int(11) NOT NULL,
  `year` int(11) NOT NULL,
  `month` int(11) NOT NULL,
  `sales` decimal(12,2) DEFAULT NULL,
  `forecast` decimal(12,2) DEFAULT NULL,
  `target` decimal(6,2) DEFAULT NULL,
  `balance` decimal(6,2) DEFAULT NULL,
  `status` varchar(20) DEFAULT NULL,
  `sma_last3` decimal(15,2) DEFAULT NULL,
  `exponential` decimal(15,2) DEFAULT NULL
) ENGINE=InnoDB DEFAULT CHARSET=latin1 COLLATE=latin1_swedish_ci;

--
-- Dumping data for table `sales_data`
--

INSERT INTO `sales_data` (`id`, `year`, `month`, `sales`, `forecast`, `target`, `balance`, `status`, `sma_last3`, `exponential`) VALUES
(51, 2024, 8, 681107311.00, 694729457.22, 98.04, -1.96, 'On Track', NULL, NULL),
(52, 2024, 9, 520722835.00, 515515606.65, 101.01, 1.01, 'Exceeded', NULL, NULL),
(53, 2024, 10, 650151405.00, 656652919.05, 99.01, -0.99, 'On Track', NULL, NULL),
(54, 2024, 11, 760918401.00, 791355137.04, 96.15, -3.85, 'On Track', NULL, NULL),
(55, 2024, 12, 1008249930.00, 1109074923.00, 90.91, -9.09, 'On Track', NULL, NULL),
(56, 2025, 1, 989436345.00, 1038908162.25, 95.24, -4.76, 'On Track', NULL, 920087110.00),
(57, 2025, 2, 909233004.00, 936509994.12, 97.09, -2.91, 'On Track', 968973093.00, 914660057.00),
(58, 2025, 3, 777236571.00, 808326033.84, 96.15, -3.85, 'On Track', 891968640.00, 845948314.00),
(59, 2025, 4, 738472858.00, 797797196.64, 92.56, -7.44, 'On Track', 808390227.67, 792324711.00),
(60, 2025, 5, 666287007.00, 652961266.86, 102.04, 2.04, 'Exceeded', 727408562.00, 729306359.00),
(61, 2025, 6, 507890600.00, 492653882.97, 103.09, 3.09, 'Exceeded', 637626572.00, 618598480.00),
(62, 2025, 7, 619860326.00, 619860326.00, 100.00, 0.00, 'On Track', 598012978.00, 619229403.00),
(82, 2025, 8, 733397257.00, 748065203.16, 98.04, -1.96, 'On Track', 620382728.33, 676313330.50),
(921, 2025, 9, 593277660.00, 515515606.65, 115.08, 15.08, 'Exceeded', 648845081.00, 634795495.25),
(1282, 2025, 10, 734344550.00, 741687995.50, 99.01, -0.99, 'On Track', 687006489.00, 684570022.63),
(1303, 2025, 11, NULL, 791355137.04, NULL, NULL, NULL, NULL, NULL),
(1304, 2025, 12, NULL, 1109074923.00, NULL, NULL, NULL, NULL, NULL),
(1305, 2026, 1, NULL, 1038908162.25, NULL, NULL, NULL, NULL, NULL),
(1306, 2026, 2, NULL, 936509994.12, NULL, NULL, NULL, NULL, NULL),
(1307, 2026, 3, NULL, 808326033.84, NULL, NULL, NULL, NULL, NULL);

-- --------------------------------------------------------

--
-- Table structure for table `sales_sources`
--

CREATE TABLE `sales_sources` (
  `id` int(11) NOT NULL,
  `sales_id` int(11) NOT NULL,
  `source_name` varchar(100) NOT NULL,
  `amount` decimal(12,2) NOT NULL DEFAULT 0.00
) ENGINE=InnoDB DEFAULT CHARSET=latin1 COLLATE=latin1_swedish_ci;

--
-- Dumping data for table `sales_sources`
--

INSERT INTO `sales_sources` (`id`, `sales_id`, `source_name`, `amount`) VALUES
(46, 60, 'Outlet', 266514803.00),
(47, 60, 'BIA', 133257401.00),
(48, 60, 'Online', 99943051.00),
(49, 60, 'Export', 99943051.00),
(50, 60, 'Hotels', 66628701.00),
(51, 61, 'Hotels', 50789060.00),
(52, 61, 'Export', 76183590.00),
(53, 61, 'Online', 76183590.00),
(54, 61, 'BIA', 101578120.00),
(55, 61, 'Outlet', 203156240.00),
(56, 62, 'Outlet', 247944130.00),
(57, 62, 'BIA', 123972065.00),
(58, 62, 'Online', 92979049.00),
(59, 62, 'Export', 92979049.00),
(60, 62, 'Hotels', 61986033.00),
(61, 82, 'Outlet', 293358903.00),
(62, 82, 'BIA', 146679452.00),
(63, 82, 'Online', 110009588.00),
(64, 82, 'Export', 110009588.00),
(65, 82, 'Hotels', 73339726.00),
(66, 921, 'Outlet', 237311064.00),
(67, 921, 'BIA', 118655532.00),
(68, 921, 'Online', 88991649.00),
(69, 921, 'Export', 88991649.00),
(70, 921, 'Hotels', 59327766.00),
(71, 59, 'Outlet', 245447617.00),
(72, 59, 'BIA', 175383764.00),
(73, 59, 'Online', 140353211.00),
(74, 59, 'Export', 140353211.00),
(75, 59, 'Hotels', 36935055.00);

-- --------------------------------------------------------

--
-- Table structure for table `sections`
--

CREATE TABLE `sections` (
  `id` int(11) NOT NULL,
  `section_name` varchar(100) NOT NULL
) ENGINE=InnoDB DEFAULT CHARSET=latin1 COLLATE=latin1_swedish_ci;

--
-- Dumping data for table `sections`
--

INSERT INTO `sections` (`id`, `section_name`) VALUES
(1, 'Export'),
(2, 'Marketing');

-- --------------------------------------------------------

--
-- Table structure for table `time_periods`
--

CREATE TABLE `time_periods` (
  `id` int(11) NOT NULL,
  `year` int(11) NOT NULL,
  `month` int(11) NOT NULL,
  `month_name` varchar(20) GENERATED ALWAYS AS (case `month` when 1 then 'January' when 2 then 'February' when 3 then 'March' when 4 then 'April' when 5 then 'May' when 6 then 'June' when 7 then 'July' when 8 then 'August' when 9 then 'September' when 10 then 'October' when 11 then 'November' when 12 then 'December' end) STORED,
  `period_label` varchar(10) GENERATED ALWAYS AS (concat(`year`,'-',lpad(`month`,2,'0'))) STORED
) ENGINE=InnoDB DEFAULT CHARSET=latin1 COLLATE=latin1_swedish_ci;

--
-- Dumping data for table `time_periods`
--

INSERT INTO `time_periods` (`id`, `year`, `month`) VALUES
(1, 2020, 1),
(2, 2020, 2),
(3, 2020, 3),
(4, 2020, 4),
(5, 2020, 5),
(6, 2020, 6),
(7, 2020, 7),
(8, 2020, 8),
(9, 2020, 9),
(10, 2020, 10),
(11, 2020, 11),
(12, 2020, 12),
(13, 2021, 1),
(14, 2021, 2),
(15, 2021, 3),
(16, 2021, 4),
(17, 2021, 5),
(18, 2021, 6),
(19, 2021, 7),
(20, 2021, 8),
(21, 2021, 9),
(22, 2021, 10),
(23, 2021, 11),
(24, 2021, 12),
(25, 2022, 1),
(26, 2022, 2),
(27, 2022, 3),
(28, 2022, 4),
(29, 2022, 5),
(30, 2022, 6),
(31, 2022, 7),
(32, 2022, 8),
(33, 2022, 9),
(34, 2022, 10),
(35, 2022, 11),
(36, 2022, 12),
(37, 2023, 1),
(38, 2023, 2),
(39, 2023, 3),
(40, 2023, 4),
(41, 2023, 5),
(42, 2023, 6),
(43, 2023, 7),
(44, 2023, 8),
(45, 2023, 9),
(46, 2023, 10),
(47, 2023, 11),
(48, 2023, 12),
(49, 2024, 1),
(50, 2024, 2),
(51, 2024, 3),
(52, 2024, 4),
(53, 2024, 5),
(54, 2024, 6),
(55, 2024, 7),
(56, 2024, 8),
(57, 2024, 9),
(58, 2024, 10),
(59, 2024, 11),
(60, 2024, 12),
(61, 2025, 1),
(62, 2025, 2),
(63, 2025, 3),
(64, 2025, 4),
(65, 2025, 5),
(66, 2025, 6),
(67, 2025, 7),
(68, 2025, 8),
(69, 2025, 9),
(70, 2025, 10),
(71, 2025, 11),
(72, 2025, 12),
(73, 2026, 1),
(74, 2026, 2),
(75, 2026, 3),
(76, 2026, 4),
(77, 2026, 5),
(78, 2026, 6),
(79, 2026, 7),
(80, 2026, 8),
(81, 2026, 9),
(82, 2026, 10),
(83, 2026, 11),
(84, 2026, 12),
(85, 2027, 1),
(86, 2027, 2),
(87, 2027, 3),
(88, 2027, 4),
(89, 2027, 5),
(90, 2027, 6),
(91, 2027, 7),
(92, 2027, 8),
(93, 2027, 9),
(94, 2027, 10),
(95, 2027, 11),
(96, 2027, 12),
(97, 2028, 1),
(98, 2028, 2),
(99, 2028, 3),
(100, 2028, 4),
(101, 2028, 5),
(102, 2028, 6),
(103, 2028, 7),
(104, 2028, 8),
(105, 2028, 9),
(106, 2028, 10),
(107, 2028, 11),
(108, 2028, 12),
(109, 2029, 1),
(110, 2029, 2),
(111, 2029, 3),
(112, 2029, 4),
(113, 2029, 5),
(114, 2029, 6),
(115, 2029, 7),
(116, 2029, 8),
(117, 2029, 9),
(118, 2029, 10),
(119, 2029, 11),
(120, 2029, 12);

-- --------------------------------------------------------

--
-- Table structure for table `units_of_measure`
--

CREATE TABLE `units_of_measure` (
  `id` int(11) NOT NULL,
  `unit_name` varchar(50) NOT NULL
) ENGINE=InnoDB DEFAULT CHARSET=latin1 COLLATE=latin1_swedish_ci;

--
-- Dumping data for table `units_of_measure`
--

INSERT INTO `units_of_measure` (`id`, `unit_name`) VALUES
(1, '10 ml'),
(2, '20 ml'),
(3, '30 ml'),
(4, '50 ml'),
(5, '75 ml'),
(6, '100 ml'),
(7, '150 ml'),
(8, '200 ml'),
(9, '250 ml'),
(10, '300 ml'),
(11, '500 ml'),
(12, '1 Liter'),
(13, '10 g'),
(14, '20 g'),
(15, '30 g'),
(16, '50 g'),
(17, '75 g'),
(18, '100 g'),
(19, '150 g'),
(20, '200 g'),
(21, '250 g'),
(22, '500 g'),
(23, '1 Kilogram'),
(24, '1 Piece'),
(25, '2 Pieces'),
(26, '3 Pieces'),
(27, '5 Pieces'),
(28, '10 Pieces'),
(29, '1 Pack'),
(30, '1 Box'),
(31, '1 Set'),
(32, '1 Tube'),
(33, '1 Jar'),
(34, '1 Bottle'),
(35, '1 Sachet'),
(36, '1 Carton');

-- --------------------------------------------------------

--
-- Table structure for table `users`
--

CREATE TABLE `users` (
  `id` int(11) NOT NULL,
  `section_id` int(11) DEFAULT NULL,
  `fullname` varchar(100) NOT NULL,
  `email` varchar(100) NOT NULL,
  `password` varchar(255) NOT NULL,
  `created_at` timestamp NOT NULL DEFAULT current_timestamp(),
  `reset_token` varchar(255) DEFAULT NULL,
  `token_expiry` datetime DEFAULT NULL,
  `is_verified` tinyint(1) DEFAULT 0,
  `verification_token` varchar(100) DEFAULT NULL,
  `is_approved` tinyint(1) DEFAULT 0,
  `reset_request_count` int(11) DEFAULT 0,
  `last_reset_request` timestamp NULL DEFAULT NULL
) ENGINE=InnoDB DEFAULT CHARSET=latin1 COLLATE=latin1_swedish_ci;

--
-- Dumping data for table `users`
--

INSERT INTO `users` (`id`, `section_id`, `fullname`, `email`, `password`, `created_at`, `reset_token`, `token_expiry`, `is_verified`, `verification_token`, `is_approved`, `reset_request_count`, `last_reset_request`) VALUES
(1, 2, 'Sinduwara', 'sinduwara.spaceylon@gmail.com', '$2y$10$3mr.Ly1BnD9o57gVxb0ahen2O9YbVZFPPsiyUTYuTwaovT3KTN2bK', '2025-10-30 10:59:45', NULL, NULL, 1, NULL, 1, 1, '2025-10-30 05:33:44'),
(3, 2, 'Namawardane', 'namawardanesinduwara@gmail.com', '$2y$10$s.CYDZlOiuq3l7BT9qLMe.QI50Q8avO6qDi1eshcx8vElEvBurSl.', '2025-10-30 11:25:56', NULL, NULL, 1, NULL, 0, 0, NULL);

--
-- Indexes for dumped tables
--

--
-- Indexes for table `categories`
--
ALTER TABLE `categories`
  ADD PRIMARY KEY (`id`),
  ADD KEY `department_id` (`department_id`);

--
-- Indexes for table `departments`
--
ALTER TABLE `departments`
  ADD PRIMARY KEY (`id`);

--
-- Indexes for table `department_sales`
--
ALTER TABLE `department_sales`
  ADD PRIMARY KEY (`id`),
  ADD KEY `department_id` (`department_id`);

--
-- Indexes for table `percentage`
--
ALTER TABLE `percentage`
  ADD PRIMARY KEY (`id`);

--
-- Indexes for table `products`
--
ALTER TABLE `products`
  ADD PRIMARY KEY (`id`),
  ADD UNIQUE KEY `product_code` (`product_code`),
  ADD KEY `category_id` (`category_id`);

--
-- Indexes for table `ranges`
--
ALTER TABLE `ranges`
  ADD PRIMARY KEY (`id`),
  ADD KEY `category_id` (`category_id`);

--
-- Indexes for table `sales_data`
--
ALTER TABLE `sales_data`
  ADD PRIMARY KEY (`id`),
  ADD UNIQUE KEY `unique_month` (`year`,`month`);

--
-- Indexes for table `sales_sources`
--
ALTER TABLE `sales_sources`
  ADD PRIMARY KEY (`id`),
  ADD KEY `sales_id` (`sales_id`);

--
-- Indexes for table `sections`
--
ALTER TABLE `sections`
  ADD PRIMARY KEY (`id`);

--
-- Indexes for table `time_periods`
--
ALTER TABLE `time_periods`
  ADD PRIMARY KEY (`id`);

--
-- Indexes for table `units_of_measure`
--
ALTER TABLE `units_of_measure`
  ADD PRIMARY KEY (`id`);

--
-- Indexes for table `users`
--
ALTER TABLE `users`
  ADD PRIMARY KEY (`id`),
  ADD UNIQUE KEY `email` (`email`),
  ADD KEY `fk_users_section` (`section_id`);

--
-- AUTO_INCREMENT for dumped tables
--

--
-- AUTO_INCREMENT for table `categories`
--
ALTER TABLE `categories`
  MODIFY `id` int(11) NOT NULL AUTO_INCREMENT, AUTO_INCREMENT=274;

--
-- AUTO_INCREMENT for table `departments`
--
ALTER TABLE `departments`
  MODIFY `id` int(11) NOT NULL AUTO_INCREMENT, AUTO_INCREMENT=17;

--
-- AUTO_INCREMENT for table `department_sales`
--
ALTER TABLE `department_sales`
  MODIFY `id` int(11) NOT NULL AUTO_INCREMENT, AUTO_INCREMENT=53;

--
-- AUTO_INCREMENT for table `percentage`
--
ALTER TABLE `percentage`
  MODIFY `id` int(11) NOT NULL AUTO_INCREMENT, AUTO_INCREMENT=13;

--
-- AUTO_INCREMENT for table `products`
--
ALTER TABLE `products`
  MODIFY `id` int(11) NOT NULL AUTO_INCREMENT, AUTO_INCREMENT=481;

--
-- AUTO_INCREMENT for table `ranges`
--
ALTER TABLE `ranges`
  MODIFY `id` int(11) NOT NULL AUTO_INCREMENT, AUTO_INCREMENT=327;

--
-- AUTO_INCREMENT for table `sales_data`
--
ALTER TABLE `sales_data`
  MODIFY `id` int(11) NOT NULL AUTO_INCREMENT, AUTO_INCREMENT=1308;

--
-- AUTO_INCREMENT for table `sales_sources`
--
ALTER TABLE `sales_sources`
  MODIFY `id` int(11) NOT NULL AUTO_INCREMENT, AUTO_INCREMENT=76;

--
-- AUTO_INCREMENT for table `sections`
--
ALTER TABLE `sections`
  MODIFY `id` int(11) NOT NULL AUTO_INCREMENT, AUTO_INCREMENT=3;

--
-- AUTO_INCREMENT for table `time_periods`
--
ALTER TABLE `time_periods`
  MODIFY `id` int(11) NOT NULL AUTO_INCREMENT, AUTO_INCREMENT=121;

--
-- AUTO_INCREMENT for table `units_of_measure`
--
ALTER TABLE `units_of_measure`
  MODIFY `id` int(11) NOT NULL AUTO_INCREMENT, AUTO_INCREMENT=37;

--
-- AUTO_INCREMENT for table `users`
--
ALTER TABLE `users`
  MODIFY `id` int(11) NOT NULL AUTO_INCREMENT, AUTO_INCREMENT=4;

--
-- Constraints for dumped tables
--

--
-- Constraints for table `categories`
--
ALTER TABLE `categories`
  ADD CONSTRAINT `categories_ibfk_1` FOREIGN KEY (`department_id`) REFERENCES `departments` (`id`);

--
-- Constraints for table `department_sales`
--
ALTER TABLE `department_sales`
  ADD CONSTRAINT `department_sales_ibfk_1` FOREIGN KEY (`department_id`) REFERENCES `departments` (`id`);

--
-- Constraints for table `products`
--
ALTER TABLE `products`
  ADD CONSTRAINT `products_ibfk_1` FOREIGN KEY (`category_id`) REFERENCES `categories` (`id`) ON DELETE CASCADE ON UPDATE CASCADE;

--
-- Constraints for table `sales_sources`
--
ALTER TABLE `sales_sources`
  ADD CONSTRAINT `sales_sources_ibfk_1` FOREIGN KEY (`sales_id`) REFERENCES `sales_data` (`id`) ON DELETE CASCADE;

--
-- Constraints for table `users`
--
ALTER TABLE `users`
  ADD CONSTRAINT `fk_users_section` FOREIGN KEY (`section_id`) REFERENCES `sections` (`id`) ON DELETE SET NULL ON UPDATE CASCADE;
COMMIT;

/*!40101 SET CHARACTER_SET_CLIENT=@OLD_CHARACTER_SET_CLIENT */;
/*!40101 SET CHARACTER_SET_RESULTS=@OLD_CHARACTER_SET_RESULTS */;
/*!40101 SET COLLATION_CONNECTION=@OLD_COLLATION_CONNECTION */;
